1	19216800000204	1542071397000	403,503	20781.66667,17290.00000	1126.05871,1372.17200	126.17310,128.68926	16.68405,26.01466
1	19216800000204	1542071398000	703	17811.25000	2022.90130	115.44698	28.28052
1	19216800000204	1542071399000	903,1003	19001.00000,18222.50000	1401.00000,1116.37393	117.34694,131.58621	0.00000,68.64413
1	19216800000204	1542071400000	1203	15017.60000	2613.89652	16.10857	16.46517
3	19216800000204	1542071426000	804	32472.00000	468.00000	525.64103	0.00000
3	19216800000204	1542071427000	505,405	35380.00000,37217.33333	2872.00000,4091.70782	481.92771,330.10003	0.00000,108.35590
3	19216800000204	1542071428000	205	45486.00000	0.00000	-1	119.29015
5	19216800000204	1542071437500	703,704	23700.00000,23275.50000	711.00000,286.50000	373.73737,353.53535	0.00000,20.20202
5	19216800000204	1542071438500	1003,1103,1104,1204	24404.50000,24288.00000,22184.00000,21168.00000	971.50000,1088.00000,1016.00000,0.00000	190.00000,175.29197,171.48694,91.19497	0.00000,14.70803,10.90300,91.19497
5	19216800000204	1542071439500	1204	12740.00000	0.00000	-1	0.00000
7	19216800000204	1542071462500	1104	24142.50000	1042.50000	105.88235	0.00000
7	19216800000204	1542071463500	903,804	23621.00000,22663.00000	640.25047,62.00000	244.89796,168.01304	40.81633,36.06859
7	19216800000204	1542071464500	604,504	23628.00000,25757.00000	1422.80568,137.00000	133.06786,115.87410	2.98656,20.18032
7	19216800000204	1542071465500	304,204	30823.66667,32003.00000	2700.11732,4187.00000	203.97536,150.38685	51.34378,104.93230
7	19216800000204	1542071466500	204	36190.00000	0.00000	-1	0.00000
9	19216800000204	1542071475000	803,903	21902.00000,22916.00000	398.00000,616.00000	556.96203,459.64043	0.00000,97.32159
11	19216800000204	1542071498500	1103	16046.00000	262.73941	28.21558	4.95977
11	19216800000204	1542071499500	1003,903,803	15041.50000,17191.00000,16923.50000	173.50000,1402.38868,1402.50000	105.26316,181.29107,209.49944	0.00000,101.20684,114.82488
11	19216800000204	1542071500500	703,702,603	15327.50000,14182.50000,16559.00000	870.50000,274.50000,1954.92046	293.33333,210.42506,121.56011	0.00000,82.90828,14.60900
11	19216800000204	1542071501500	403	17543.25000	1376.19936	117.05669	44.05266
11	19216800000204	1542071502500	203	26741.00000	0.00000	-1	0.00000
13	19216800000204	1542071509500	406,506,606	53781.33333,47548.50000,39454.50000	931.85740,5389.50000,2704.50000	410.58540,344.42421,245.44520	31.27506,97.43626,1.54276
13	19216800000204	1542071510500	905,1005	35814.00000,42102.00000	3292.64271,1638.00000	135.39396,56.90650	78.39914,0.08832
13	19216800000204	1542071511500	1205	26325.50000	3258.85359	33.33333	47.14045
15	19216800000204	1542071532500	1003,903	16479.00000,17037.00000	329.00000,229.00000	345.13274,320.56637	0.00000,24.56637
15	19216800000204	1542071533500	603,503,403	16766.00000,17009.00000,17334.50000	426.78332,827.00000,501.50000	315.59739,240.08251,228.55867	52.82367,22.69121,11.16736
17	19216800000204	1542071543000	403	22149.00000	1161.00000	288.88889	0.00000
17	19216800000204	1542071544000	703	19357.75000	1702.44124	203.56037	32.98945
17	19216800000204	1542071545000	903,1003	18693.00000,18574.00000	201.00000,473.05250	176.47059,189.23947	0.00000,19.68999
17	19216800000204	1542071546000	1203	14207.00000	2122.09024	27.90685	34.21072
19	19216800000204	1542071567000	1003,903,803	19539.00000,19857.00000,20149.50000	1291.55488,417.00000,124.50000	308.62587,306.73688,271.83705	7.55060,9.43959,25.46024
19	19216800000204	1542071568000	504,404,304,204	24176.00000,28549.00000,36065.00000,40014.00000	220.00000,4593.00000,2923.00000,1026.00000	347.82609,348.73822,307.99100,276.84399	0.00000,0.91213,41.65935,10.51233
21	19216800000204	1542071578000	403	22822.00000	1420.89479	235.50725	97.82609
21	19216800000204	1542071579000	703	21593.25000	1463.61016	162.33379	26.68054
21	19216800000204	1542071580000	903,1003	21396.00000,22191.33333	622.00000,1720.64665	166.66667,136.50459	0.00000,45.56028
21	19216800000204	1542071581000	1103,1203	18333.00000,13587.25000	873.00000,3190.11907	209.30233,88.43475	0.00000,73.15273
21	19216800000204	1542071582000	1203	8892.00000	0.00000	-1	0.00000
23	19216800000204	1542071606500	1003	17755.00000	404.51700	220.91311	78.05596
23	19216800000204	1542071607500	803,703,603	17685.00000,19575.00000,21172.66667	1305.00000,585.00000,1665.01278	322.22222,284.29952,226.24093	0.00000,37.92271,40.34911
23	19216800000204	1542071608500	304	22471.00000	1511.67291	209.38059	39.23109
23	19216800000204	1542071609500	204	19376.00000	0.00000	-1	0.00000
25	19216800000204	1542071616500	304,404	22717.50000,21763.66667	1317.50000,1672.60283	386.36364,315.22800	0.00000,60.39952
25	19216800000204	1542071617500	703,803	20492.00000,18694.33333	835.16585,908.75605	245.06661,187.86877	23.59010,52.94318
25	19216800000204	1542071618500	1003,1103	19147.00000,16986.66667	43.00000,1558.38749	159.09091,156.72466	0.00000,19.07048
25	19216800000204	1542071619500	1203	7590.00000	0.00000	-1	58.37011
27	19216800000204	1542071640000	905,805,705,605	32245.00000,33459.00000,29312.50000,31893.50000	2971.00000,1757.00000,2389.50000,4970.50000	443.29897,412.92465,370.96267,328.23822	0.00000,30.37432,11.58767,31.13678
27	19216800000204	1542071641000	306,206	32733.00000,28846.00000	1215.00000,2334.82162	307.69231,241.65789	0.00000,93.38678
27	19216800000204	1542071642000	106	20100.00000	0.00000	-1	0.00000
29	19216800000204	1542071647500	603,803,903	20155.50000,19989.00000,23409.00000	1165.50000,999.00000,2421.00000	848.10127,618.68151,378.45440	0.00000,229.41976,10.80734
31	19216800000204	1542071664000	1003,903	17988.66667,18398.00000	1057.40574,1573.09970	256.55172,213.67482	63.44828,18.75573
31	19216800000204	1542071665000	603,503,403	21209.00000,22446.00000,23590.00000	97.00000,1334.00000,190.00000	283.46457,226.78383,272.55155	0.00000,56.68074,102.44845
31	19216800000204	1542071666000	204	16800.00000	0.00000	-1	61.74761
33	19216800000204	1542071671500	405	29859.33333	2339.38586	432.28386	142.42879
33	19216800000204	1542071672500	705,804,904	29080.50000,26937.00000,24944.33333	52.50000,2091.00000,269.18932	531.91489,415.95745,240.43442	0.00000,115.95745,46.01089
33	19216800000204	1542071673500	1204	21916.40000	2012.80000	32.31293	55.96763
35	19216800000204	1542071691500	904,804	24704.00000,24716.33333	1512.00000,1478.31714	340.65934,318.58566	0.00000,19.85600
35	19216800000204	1542071692500	405,306	37795.00000,35495.33333	3795.62020,3206.62079	209.79021,258.12249	62.93706,83.21326
35	19216800000204	1542071693500	207	30646.00000	0.00000	-1	50.20458
37	19216800000204	1542071698000	603,703	17611.50000,18851.50000	99.50000,1140.50000	541.66667,419.22043	0.00000,122.44624
37	19216800000204	1542071699000	1002,1103,1203	19202.00000,18472.00000,15486.00000	778.00000,2111.45637,0.00000	518.51852,250.52231,-1	0.00000,190.32340,99.13013
39	19216800000204	1542071713000	803,703,603,503	19061.00000,20607.00000,23083.00000,23733.00000	833.00000,713.00000,1763.00000,1113.00000	468.46847,532.55356,509.99816,386.02094	0.00000,64.08509,86.64050,37.33673
41	19216800000204	1542071718500	502,602,703,802	15522.50000,15879.00000,16327.00000,16196.00000	402.50000,759.00000,311.00000,180.00000	418.36735,413.18367,372.75000,366.33065	0.00000,5.18367,35.25000,28.83065
41	19216800000204	1542071719500	1102,1202,1203	15623.00000,12496.50000,9983.00000	613.00000,2513.50000,0.00000	237.28814,182.07690,-1	0.00000,55.21123,80.00507
42	19216800000204	1542071731000	903,803	16932.00000,19080.00000	228.00000,1920.00000	591.39785,472.16951	0.00000,119.22834
42	19216800000204	1542071732000	403,304,204	25221.00000,23030.33333,19890.00000	231.00000,2326.84655,0.00000	697.91667,418.08544,-1	0.00000,206.97309,83.36814
44	19216800000204	1542071738000	403,503,603	22915.00000,21281.33333,20420.00000	315.00000,1453.60823,680.00000	539.32584,307.21516,181.26262	0.00000,166.83836,26.79107
44	19216800000204	1542071739000	803,903	20544.00000,19707.66667	1086.00000,421.30142	115.64626,208.52173	0.00000,104.70675
44	19216800000204	1542071740000	1203	14633.50000	2804.54894	70.33785	49.88973
46	19216800000204	1542071759500	1103,1003	17434.50000,18719.00000	9.50000,1003.94655	168.53933,183.02515	0.00000,12.34990
46	19216800000204	1542071760500	803,703,603	17542.00000,17780.00000,20517.66667	850.00000,1088.00000,1386.32760	218.04511,213.59772,190.54040	0.00000,4.44739,17.73877
46	19216800000204	1542071761500	404,304,205	23188.00000,22873.00000,21240.00000	502.00000,842.04869,708.00000	285.71429,352.05433,409.90610	0.00000,160.59418,163.42723
46	19216800000204	1542071762500	105	18360.00000	0.00000	-1	30.33488
48	19216800000204	1542071769500	505,605,705	33367.66667,29169.50000,26124.00000	3071.39972,2961.50000,84.00000	296.25226,355.75288,376.53359	54.49401,5.00661,15.77410
48	19216800000204	1542071770500	1105,1204	33652.66667,29216.50000	1610.25905,2651.50000	238.17082,119.59784	13.68103,104.89196
50	19216800000204	1542071793000	1004,904,804	25069.50000,24083.50000,27019.50000	566.50000,419.50000,3355.50000	568.18182,392.29986,199.71222	0.00000,175.88195,16.70569
50	19216800000204	1542071794000	505,405	33635.66667,29936.66667	2040.19710,1177.56849	230.02634,122.92609	53.55575,87.16200
50	19216800000204	1542071795000	106	21092.60000	1201.20000	-1	75.75798
52	19216800000204	1542071799500	304,404	22571.00000,21339.00000	629.00000,603.00000	494.25287,355.67907	0.00000,138.57381
52	19216800000204	1542071800500	703,803,903	21648.00000,19633.50000,20129.00000	1624.49931,175.50000,671.00000	323.33970,286.40442,274.60317	99.73722,62.80193,74.60317
52	19216800000204	1542071801500	1203	18604.25000	805.83664	35.79418	50.62062
54	19216800000204	1542071827000	1102	14440.50000	572.42052	158.26113	59.83396
54	19216800000204	1542071828000	903,902,903	14294.50000,13894.50000,14734.00000	665.50000,265.50000,574.00000	146.66667,127.82051,149.18415	0.00000,18.84615,40.20979
54	19216800000204	1542071829000	703,603	16775.33333,15492.00000	1183.03602,1052.00000	98.82193,126.58565	1.80700,25.95672
54	19216800000204	1542071830000	503,403	17758.00000,19635.66667	478.00000,1707.79709	163.36634,163.85937	0.00000,100.89129
54	19216800000204	1542071831000	204	16531.40000	896.14677	137.15808	41.04809
54	19216800000204	1542071832000	104	14208.00000	0.00000	-1	0.00000
56	19216800000204	1542071839500	303	17549.75000	762.15496	169.44288	67.67341
56	19216800000204	1542071840500	503,603	18816.00000,16694.00000	980.00000,927.98096	220.58824,135.80733	0.00000,60.41260
56	19216800000204	1542071841500	803,903	17186.66667,16684.00000	1362.99800,1164.00000	171.71717,182.05706	50.50505,40.16517
56	19216800000204	1542071842500	1003,1103	17258.66667,16584.66667	580.88056,81.49165	185.60606,149.75060	31.06061,53.57165
56	19216800000204	1542071843500	1203	11385.00000	0.00000	-1	33.34198
58	19216800000204	1542071880000	1005,905	36967.00000,33592.33333	1687.00000,3732.17294	593.02326,337.07291	0.00000,189.57396
58	19216800000204	1542071881000	506,406	41269.33333,44074.50000	3272.96464,40.50000	227.88804,269.18346	54.55471,13.25929
58	19216800000204	1542071882000	207,107	32063.00000,28200.00000	3863.00000,0.00000	128.37838,-1	0.00000,55.59259
60	19216800000204	1542071888500	305,304	25716.00000,26562.00000	444.00000,402.00000	238.63636,233.60390	0.00000,5.03247
60	19216800000204	1542071889500	504,604,704	25969.33333,26304.00000,23281.50000	1445.24654,1224.00000,1798.50000	268.56714,242.98316,167.55084	10.50263,36.08661,39.34571
60	19216800000204	1542071890500	803,903	21447.00000,22616.00000	57.00000,1237.16558	164.17910,135.18744	0.00000,28.22038
60	19216800000204	1542071891500	1103	21480.50000	1372.37194	93.18355	42.82701
60	19216800000204	1542071892500	1203	8225.00000	0.00000	-1	72.50490
62	19216800000204	1542071918000	1103,1003	19631.50000,19461.00000	659.50000,489.00000	207.54717,169.88929	0.00000,37.65788
62	19216800000204	1542071919000	803,703	21006.50000,20742.00000	1271.95077,1758.00000	169.35582,212.58965	30.70677,11.29095
62	19216800000204	1542071920000	504,404	24686.66667,26276.50000	769.44150,503.50000	221.59502,136.35382	30.10566,55.13554
62	19216800000204	1542071921000	205,105	20194.00000,16780.66667	1399.43512,1279.39187	189.72222,97.91341	54.72222,105.54944
64	19216800000204	1542071929000	304	17758.66667	811.25636	147.58179	68.63442
64	19216800000204	1542071930000	503,603	19607.75000,18911.00000	1170.14793,989.00000	191.96643,172.70946	29.03860,58.05977
64	19216800000204	1542071931000	803,903	17508.00000,18824.00000	1694.53710,976.00000	121.47875,233.62545	8.65824,120.80493
64	19216800000204	1542071932000	1103,1203	18096.66667,16845.50000	561.10150,917.50000	234.23061,-1	81.55886,62.73293
64	19216800000204	1542071933000	1203	13098.00000	0.00000	-1	0.00000
66	19216800000204	1542071950000	802	15992.00000	692.00000	522.22222	0.00000
67	19216800000204	1542071956500	502,602,702	13252.50000,14335.00000,15346.50000	85.50000,705.87959,556.50000	386.36364,305.39080,329.88004	0.00000,59.72438,44.16576
67	19216800000204	1542071957500	1002,1102,1202	17334.00000,17133.00000,14913.33333	0.00000,201.00000,1427.41289	190.47619,240.27626,154.08726	0.00000,49.80007,119.11263
68	19216800000204	1542071976000	1005	27027.00000	585.00000	244.44444	0.00000
68	19216800000204	1542071977000	705,606	26693.66667,30059.00000	487.50407,3989.00000	445.19154,417.92467	4.24666,23.02021
68	19216800000204	1542071978000	306,206	36303.33333,34142.00000	1006.27542,2572.00000	196.23656,154.33925	29.56989,12.32742
68	19216800000204	1542071979000	106	24514.00000	0.00000	-1	26.87006
70	19216800000204	1542071985500	304	21138.50000	950.50000	164.94845	0.00000
70	19216800000204	1542071986500	503,603	21501.00000,19912.66667	549.00000,1844.95010	329.54545,236.72797	0.00000,79.04648
70	19216800000204	1542071987500	803,903	16460.50000,17322.33333	983.50000,800.31341	120.80537,100.20051	0.00000,15.12932
70	19216800000204	1542071988500	1102	15256.50000	476.33418	105.54466	71.94247
70	19216800000204	1542071989500	1203	11573.00000	0.00000	-1	45.89935
72	19216800000204	1542072031000	1003,903	20428.00000,21427.50000	1287.47738,727.50000	231.26782,217.32572	24.37127,38.31338
72	19216800000204	1542072032000	803,703,603	18974.50000,17943.00000,20255.50000	462.50000,697.96036,1898.50000	182.53968,195.05877,163.46658	0.00000,18.65419,57.96199
72	19216800000204	1542072033000	503,403,303	21100.50000,21033.33333,21461.00000	607.50000,503.97244,964.00000	166.66667,252.46793,278.61864	0.00000,131.57215,159.73752
72	19216800000204	1542072034000	204	15126.40000	992.31882	134.56227	62.42106
72	19216800000204	1542072035000	104	13524.00000	0.00000	-1	0.00000
74	19216800000204	1542072040500	303	16527.00000	507.00000	139.24051	0.00000
74	19216800000204	1542072041500	503,502,602	14535.00000,14835.50000,13880.00000	909.61201,725.50000,230.00000	187.81219,183.69131,140.56777	0.99900,5.11988,38.00366
74	19216800000204	1542072042500	702,802	12816.00000,12197.33333	1296.00000,940.97444	163.26531,127.27690	0.00000,43.10839
74	19216800000204	1542072043500	1002	12753.60000	704.30749	90.55695	28.51210
74	19216800000204	1542072044500	1202	9310.40000	2387.11856	29.79110	28.84321
74	19216800000204	1542072045500	1202	6302.00000	0.00000	-1	0.00000
76	19216800000204	1542072067500	1202,1102	10854.00000,10595.33333	346.00000,549.63341	79.71014,109.15955	0.00000,24.23694
76	19216800000204	1542072068500	902,802	11686.66667,11864.00000	1096.15368,897.92205	199.58306,164.73136	75.92715,80.55421
76	19216800000204	1542072069500	702,602,502	11432.50000,12944.00000,12432.00000	555.50000,681.10498,888.00000	122.30216,138.89625,138.23272	0.00000,18.90936,27.12161
76	19216800000204	1542072070500	402,302,303	13331.00000,13520.00000,12570.00000	241.00000,430.00000,1110.01622	259.25926,175.08418,139.33859	0.00000,84.17508,43.78520
76	19216800000204	1542072071500	203	11168.80000	221.43387	74.81752	129.58774
78	19216800000204	1542072077500	303	16615.25000	1525.77019	180.19198	63.14955
78	19216800000204	1542072078500	503,603	19159.00000,17256.33333	641.00000,892.29006	275.36232,172.84891	0.00000,77.61124
78	19216800000204	1542072079500	903	18780.50000	979.37978	188.85061	58.68871
78	19216800000204	1542072080500	1103,1203	19944.00000,17004.25000	54.00000,3181.13803	441.55844,-1	0.00000,174.68656
80	19216800000204	1542072097500	304,404,403	22907.00000,21860.66667,21067.00000	929.00000,1527.41728,951.00000	435.29412,261.95395,169.44444	0.00000,126.12086,30.55556
80	19216800000204	1542072098500	603,703,803	19472.50000,18701.66667,17398.00000	857.50000,1537.28296,758.00000	136.98630,196.42837,265.66568	0.00000,45.12800,59.63553
80	19216800000204	1542072099500	1003,1103	20460.33333,19220.33333	765.39939,722.32510	198.29516,193.65565	65.59373,49.99244
80	19216800000204	1542072100500	1204	17226.00000	0.00000	-1	51.90164
82	19216800000204	1542072122000	1002	12997.66667	436.14396	162.56674	61.11747
82	19216800000204	1542072123000	902,802,702	14354.00000,15330.66667,13594.50000	687.00000,930.36277,769.50000	490.19608,250.53072,126.27139	0.00000,170.61142,19.71401
82	19216800000204	1542072124000	502,402	15147.33333,14494.00000	715.35601,636.00000	113.26167,234.58520	19.09127,140.41480
82	19216800000204	1542072125000	203	13124.80000	854.54582	133.19664	63.86474
82	19216800000204	1542072126000	104	8064.00000	0.00000	-1	48.84383
84	19216800000204	1542072132500	304	24436.50000	16.50000	415.58442	0.00000
84	19216800000204	1542072133500	604,704	20171.66667,20021.00000	436.69389,311.00000	225.07025,253.55655	23.05005,5.43625
84	19216800000204	1542072134500	803,903	17784.50000,17302.33333	536.50000,583.02106	121.21212,111.69143	0.00000,32.72519
84	19216800000204	1542072135500	1103,1203	15302.25000,13697.00000	716.34502,823.00000	156.59063,91.85128	85.81799,85.13987
84	19216800000204	1542072136500	1203	8792.00000	0.00000	-1	69.45524
86	19216800000204	1542072158000	1003,1002	13852.00000,14366.33333	92.00000,345.37934	148.14815,160.82596	0.00000,11.53555
86	19216800000204	1542072159000	802,702	14145.66667,14993.00000	831.60260,1475.96003	148.75000,149.22132	11.25000,16.16434
86	19216800000204	1542072160000	502,402	13684.50000,13993.66667	333.50000,1146.38165	111.11111,179.91210	0.00000,65.50801
86	19216800000204	1542072161000	303,203	13082.00000,12756.75000	446.00000,504.11972	217.39130,166.59092	0.00000,36.66233
86	19216800000204	1542072162000	103	11868.00000	0.00000	-1	0.00000
88	19216800000204	1542072169000	303	13569.33333	1117.75052	214.52855	32.04680
88	19216800000204	1542072170000	502,602	14551.50000,13908.00000	700.50000,908.43051	95.54140,135.99037	0.00000,33.93038
88	19216800000204	1542072171000	802,902	14188.33333,14111.00000	544.73745,681.00000	110.91956,180.05759	20.46730,89.60533
88	19216800000204	1542072172000	1103	15469.20000	587.47507	114.63893	47.40533
88	19216800000204	1542072173000	1203	13200.00000	0.00000	-1	48.57824
90	19216800000204	1542072192000	903	18954.00000	504.00000	434.21053	0.00000
90	19216800000204	1542072193000	503,403	22363.00000,22684.33333	2063.00000,1270.32655	316.32653,349.36579	0.00000,33.81885
90	19216800000204	1542072194000	204	17264.00000	0.00000	-1	76.86251
92	19216800000204	1542072202000	303,403	15208.00000,15299.50000	870.44931,800.50000	248.03213,156.66667	101.36546,10.00000
92	19216800000204	1542072203000	503,603,602,702	16043.50000,14698.00000,13257.00000,14469.00000	63.50000,1282.00000,159.00000,1371.00000	225.00000,198.70690,168.39868,138.31423	0.00000,26.29310,4.01512,26.06933
92	19216800000204	1542072204000	903,1003	17484.66667,16443.33333	1345.45193,1131.55743	128.62280,185.71585	12.11794,79.27515
92	19216800000204	1542072205000	1203	12635.40000	2545.52035	53.65982	77.08677
94	19216800000204	1542072225000	903,803,703	16350.00000,16320.50000,16770.00000	882.22711,363.50000,86.00000	312.11616,278.89227,241.25874	17.15213,16.07176,21.56177
94	19216800000204	1542072226000	503,403,303	21068.00000,20545.00000,19035.00000	548.00000,25.00000,1535.00000	357.72358,350.19046,256.69452	0.00000,7.53312,85.96282
96	19216800000204	1542072234000	302,402	10878.00000,10483.33333	510.00000,693.80945	341.46341,226.49506	0.00000,96.53001
96	19216800000204	1542072235000	602,702	13569.33333,12867.50000	520.98710,932.50000	156.86275,115.40133	9.80392,31.65749
96	19216800000204	1542072236000	902	13541.00000	703.18490	165.20771	37.08744
96	19216800000204	1542072237000	1103,1203	14218.66667,13175.33333	437.51216,1212.15217	199.43160,-1	75.29367,33.53887
96	19216800000204	1542072238000	1203	8856.00000	0.00000	-1	0.00000
97	19216800000204	1542072260000	906,806	41605.00000,38831.50000	4259.00000,1485.50000	682.92683,452.94990	0.00000,229.97693
97	19216800000204	1542072261000	506,406,306	44877.50000,43618.66667,39045.00000	167.50000,3363.06778,19.00000	352.94118,243.44334,313.79648	0.00000,102.75301,42.36791
97	19216800000204	1542072262000	106	21632.00000	0.00000	-1	98.98670
99	19216800000204	1542072269500	304,404	20938.33333,21648.66667	1893.84201,847.19196	271.29412,210.41043	0.70588,44.61645
99	19216800000204	1542072270500	704,804,904	27126.50000,25324.50000,24530.00000	1021.50000,780.50000,14.00000	144.73684,156.13805,241.66437	0.00000,11.40121,74.12510
99	19216800000204	1542072271500	1104	22200.75000	2920.00012	97.62274	69.25917
101	19216800000204	1542072295500	1103,1003	14914.50000,16010.00000	223.50000,1400.46207	313.95349,187.12452	0.00000,90.43018
101	19216800000204	1542072296500	803,703	17454.00000,17592.66667	168.00000,379.42178	200.00000,169.38617	0.00000,27.48694
101	19216800000204	1542072297500	503,403	20160.00000,19030.00000	550.00000,578.67665	108.91089,213.51247	0.00000,115.83857
101	19216800000204	1542072298500	203,204,104	14418.00000,13748.00000,13166.00000	548.53259,68.00000,650.00000	180.92105,111.06811,79.62258	69.07895,0.77399,30.67153
103	19216800000204	1542072306500	304,404,503	21782.50000,23346.00000,26314.00000	872.50000,2620.70385,669.00000	336.95652,290.50737,283.73016	0.00000,52.50985,33.73016
103	19216800000204	1542072307500	703,803,903	21740.00000,20112.00000,21252.00000	1580.00000,48.00000,1188.00000	229.62963,244.95180,201.56556	0.00000,15.32217,58.70841
103	19216800000204	1542072308500	1103,1203	18377.50000,16625.00000	1752.50000,0.00000	106.06061,-1	0.00000,57.47668
105	19216800000204	1542072334500	1103	14440.00000	520.00000	60.60606	0.00000
105	19216800000204	1542072335500	1003,903	15561.33333,15114.00000	792.41796,781.50752	125.25057,91.76348	6.69387,29.00365
105	19216800000204	1542072336500	803,703	14675.00000,16197.00000	487.76702,738.52872	142.17172,142.70877	13.38384,10.14425
105	19216800000204	1542072337500	503	17346.50000	829.79922	132.71460	30.15482
105	19216800000204	1542072338500	303,304,204	17397.50000,17099.50000,15958.50000	369.50000,667.50000,473.50000	196.96970,153.63191,130.14706	0.00000,43.33779,19.85294
105	19216800000204	1542072339500	104	13286.00000	0.00000	-1	48.49990
107	19216800000204	1542072351000	203	13874.00000	322.00000	253.01205	0.00000
107	19216800000204	1542072352000	403	16506.00000	1280.39213	131.80217	61.23440
107	19216800000204	1542072353000	603,703	15573.66667,14148.00000	501.02584,756.00000	136.52623,89.33996	18.87917,28.30710
107	19216800000204	1542072354000	803,902	14334.00000,14645.00000	66.00000,268.93494	106.97674,109.82463	0.00000,35.72220
107	19216800000204	1542072355000	1002,1102	14026.33333,12970.00000	1095.06235,410.30476	121.28291,91.72251	5.15387,41.63602
107	19216800000204	1542072356000	1203	10680.75000	453.36430	4.24628	6.00515
109	19216800000204	1542072380000	1104,1004	21234.33333,22999.50000	793.35084,643.50000	141.61465,162.96296	15.68872,37.03704
109	19216800000204	1542072381000	804,704	22394.00000,22743.00000	1047.24018,423.00000	173.93736,143.63484	7.27069,23.03183
109	19216800000204	1542072382000	404	24432.00000	593.44966	206.79876	104.55770
109	19216800000204	1542072383000	205,105	20613.00000,17287.00000	744.00000,1825.74971	80.24691,35.01343	0.00000,33.54826
111	19216800000204	1542072392500	303,403	18008.00000,17149.00000	474.40067,239.00000	232.73432,142.83075	81.21917,8.68441
111	19216800000204	1542072393500	603,703	17896.00000,15600.00000	993.24116,948.00000	203.06001,144.82631	6.09031,52.14339
111	19216800000204	1542072394500	903,1003	18265.00000,17120.00000	1076.81846,1294.00000	196.13948,249.94964	105.23039,51.42023
111	19216800000204	1542072395500	1103,1203	15425.00000,13492.75000	461.00000,1654.47535	75.86207,50.10142	0.00000,48.99703
113	19216800000204	1542072420500	1004,904,804	23614.33333,22694.00000,22110.66667	594.39848,1286.00000,1250.90403	319.49359,238.61123,143.78425	18.74171,62.14065,24.23372
113	19216800000204	1542072421500	604,504,404	22473.50000,22966.00000,23595.00000	1288.50000,665.11553,1461.00000	230.21583,250.61860,248.90471	0.00000,83.41765,112.54107
113	19216800000204	1542072422500	204,205,105	20721.33333,18789.00000,17011.50000	1144.18598,414.00000,1363.50000	230.60241,146.66667,101.47679	70.60241,13.33333,31.85654
113	19216800000204	1542072423500	104	15648.00000	0.00000	-1	0.00000
115	19216800000204	1542072430500	303	15686.00000	335.01045	263.57101	59.34566
115	19216800000204	1542072431500	503,603	15992.00000,15628.33333	1439.87777,1036.95591	131.31083,181.06476	14.52251,53.62678
115	19216800000204	1542072432500	903	17520.33333	1122.49197	134.73543	42.56953
115	19216800000204	1542072433500	1103,1203	17320.50000,14368.33333	859.50000,1820.11801	302.63158,130.09023	0.00000,125.70213
117	19216800000204	1542072459000	1103,1003	14798.33333,16226.33333	1126.24992,461.23193	243.66259,128.06596	68.83741,33.06419
117	19216800000204	1542072460000	803,703	18240.66667,18455.00000	1675.98117,1645.00000	171.22788,162.20650	15.82248,24.84386
117	19216800000204	1542072461000	503,403,303	18122.50000,19938.33333,18962.00000	212.50000,1252.49413,1126.00000	192.30769,213.13167,178.33725	0.00000,22.08174,25.05258
117	19216800000204	1542072462000	204,104	15364.33333,14368.66667	351.00649,372.88098	179.21440,-1	51.55483,52.22317
119	19216800000204	1542072470500	204	14785.66667	324.69918	111.30435	4.63768
119	19216800000204	1542072471500	403	16642.40000	860.92151	138.18817	45.45788
119	19216800000204	1542072472500	503,603	15801.66667,16512.00000	1109.20282,576.00000	166.52004,151.41066	21.35875,36.46813
119	19216800000204	1542072473500	703,803	15990.00000,15424.00000	54.00000,1117.34596	85.00000,107.44309	0.00000,23.58057
119	19216800000204	1542072474500	903,1003	16335.50000,17301.75000	679.50000,1641.03296	236.22047,-1	0.00000,93.01764
119	19216800000204	1542072475500	1103,1203	17367.50000,14685.00000	920.16126,1155.00000	58.80305,135.47857	73.71858,27.56490
119	19216800000204	1542072476500	1203	11023.00000	0.00000	-1	28.82233
121	19216800000204	1542072509000	1103,1003	17184.66667,17190.00000	583.05479,1082.73850	175.21329,107.43040	83.61024,40.58302
121	19216800000204	1542072510000	903,803	16666.50000,16523.00000	866.50000,1291.56210	149.60630,138.85724	0.00000,35.58249
121	19216800000204	1542072511000	603,503	13230.50000,15223.50000	237.50000,1177.41507	109.28962,144.55985	0.00000,40.68762
121	19216800000204	1542072512000	303	13534.80000	1020.87774	125.34358	34.18971
121	19216800000204	1542072513000	203,103	12112.50000,11900.00000	212.50000,0.00000	82.19178,-1	0.00000,34.25708
123	19216800000204	1542072520000	204	16821.00000	651.00000	313.95349	0.00000
123	19216800000204	1542072521000	403	17965.00000	983.19632	104.93503	54.44073
123	19216800000204	1542072522000	603,703	17181.00000,17390.33333	1449.00000,1168.06117	181.20805,144.00574	0.00000,54.47190
123	19216800000204	1542072523000	903	18307.25000	1713.36910	127.97861	57.94720
123	19216800000204	1542072524000	1103	18109.20000	800.75025	95.77798	36.22858
123	19216800000204	1542072525000	1203	13846.00000	0.00000	-1	37.26453
125	19216800000204	1542072553000	1104,1004	25004.66667,24740.00000	1191.32009,1090.00000	239.04968,141.33848	13.69757,84.01364
125	19216800000204	1542072554000	905,805	22279.33333,23404.66667	439.21546,1109.84724	106.50368,153.34871	12.54394,49.80019
125	19216800000204	1542072555000	605,505,404	24651.00000,25083.66667,25468.50000	815.00000,351.69526,851.50000	223.88060,201.64832,163.88889	0.00000,41.44621,73.61111
125	19216800000204	1542072556000	304	21714.80000	1576.84526	105.09471	25.06122
125	19216800000204	1542072557000	204,203	14624.00000,14185.00000	58.94630,385.00000	11.23716,20.92466	4.38784,14.07534
125	19216800000204	1542072558000	103	12963.00000	0.00000	-1	31.02687
127	19216800000204	1542072568000	203,303	10730.00000,11689.75000	74.00000,701.98945	91.74312,138.35313	0.00000,38.80075
127	19216800000204	1542072569000	503,502	13121.66667,13269.50000	632.74973,425.50000	127.46738,113.62278	1.78432,12.06028
127	19216800000204	1542072570000	703,803	15156.66667,16866.50000	1303.33146,17.50000	177.55255,180.52190	38.66366,35.69432
127	19216800000204	1542072571000	903,1003	18087.50000,17906.66667	342.50000,528.93499	96.77419,115.02292	0.00000,46.05570
127	19216800000204	1542072572000	1103,1203	16247.00000,14294.50000	692.38862,1050.50000	55.55556,113.10951	55.55556,1.99840
127	19216800000204	1542072573000	1203	9164.00000	0.00000	-1	33.79970
129	19216800000204	1542072597500	1103,1003	19196.00000,21261.00000	899.15071,803.00000	97.72423,166.24258	13.38688,55.13147
129	19216800000204	1542072598500	803,703	17301.33333,17248.00000	1210.90747,984.00000	164.72868,155.12821	1.93798,11.53846
129	19216800000204	1542072599500	503,403	19118.33333,18672.00000	886.58609,720.00000	200.09239,194.62916	58.73114,64.19437
129	19216800000204	1542072600500	304,204	17830.00000,16020.25000	370.00000,1183.28280	288.65979,115.55210	0.00000,107.45000
131	19216800000204	1542072611000	203,303	12778.33333,13102.66667	902.72563,682.49656	177.47470,181.08874	16.55516,11.76442
131	19216800000204	1542072612000	502,602	13748.66667,14298.00000	1026.39087,606.00000	131.94444,143.14516	6.94444,18.14516
131	19216800000204	1542072613000	702,802	13635.66667,14314.50000	622.03126,370.50000	191.40330,166.55139	13.32111,38.17302
131	19216800000204	1542072614000	902,1002	13851.00000,13275.33333	669.00000,580.21222	111.11111,112.10148	0.00000,27.27079
131	19216800000204	1542072615000	1103,1203	13786.50000,11996.66667	45.50000,1317.59385	27.39726,-1	0.00000,39.53360
131	19216800000204	1542072616000	1203	8344.00000	0.00000	-1	54.30580
133	19216800000204	1542072640000	1102,1002	12375.50000,12186.33333	8.50000,463.75017	204.08163,99.53982	0.00000,74.52182
133	19216800000204	1542072641000	902,802	11949.00000,11563.33333	349.00000,556.37957	136.05442,129.37494	0.00000,16.13241
133	19216800000204	1542072642000	602,502	11634.00000,12321.00000	878.99488,321.00000	190.54878,193.74221	65.54878,62.35535
133	19216800000204	1542072643000	402,302,303	13991.00000,14910.00000,15600.00000	71.00000,990.00000,300.00000	188.31169,179.52170,146.59034	0.00000,8.78999,24.14136
133	19216800000204	1542072644000	203,103	11980.00000,11990.00000	90.00000,70.71068	124.13793,64.94833	0.00000,50.84243
134	19216800000204	1542072650500	304	19742.00000	96.00000	360.00000	0.00000
134	19216800000204	1542072651500	704,803	20725.50000,21442.33333	295.50000,694.98313	531.25000,290.64655	0.00000,175.02784
134	19216800000204	1542072652500	1103	19900.75000	2348.56375	67.69278	14.57952
134	19216800000204	1542072653500	1204	16055.00000	0.00000	-1	0.00000
136	19216800000204	1542072674500	1103	13566.50000	203.50000	78.43137	0.00000
136	19216800000204	1542072675500	1002,903	15036.00000,14699.66667	420.00000,586.37891	142.85714,173.17637	0.00000,83.75736
136	19216800000204	1542072676500	702,602	14011.33333,15782.00000	1207.42186,864.08796	239.38689,143.66838	89.72703,19.95635
136	19216800000204	1542072677500	403,303	14961.00000,14664.33333	519.00000,941.56477	142.85714,189.33007	0.00000,89.56191
136	19216800000204	1542072678500	103	12329.25000	107.82016	45.75163	64.70258
138	19216800000204	1542072685500	204,304,303	18273.00000,17844.00000,18146.66667	489.00000,918.00000,962.27554	307.69231,204.18172,152.96445	0.00000,103.51058,51.05233
138	19216800000204	1542072686500	503,603	17445.66667,15771.50000	894.88559,546.50000	188.33751,142.59124	13.15503,32.59124
138	19216800000204	1542072687500	803,903	17191.33333,17464.66667	709.85460,458.02499	165.83549,194.24246	58.88361,21.99552
138	19216800000204	1542072688500	1003,1103,1203	19364.00000,19323.33333,16692.00000	0.00000,437.77112,2076.00000	260.16260,159.92194,-1	0.00000,80.88901,16.47814
138	19216800000204	1542072689500	1203	14616.00000	0.00000	-1	0.00000
140	19216800000204	1542072711000	1102	13400.50000	128.50000	114.83254	0.00000
140	19216800000204	1542072712000	902,802	12962.66667,13737.50000	595.10298,617.50000	180.66986,210.42254	99.33014,69.57746
140	19216800000204	1542072713000	703,702,602	15310.50000,15359.00000,14152.33333	1297.50000,1249.00000,822.34880	192.30769,159.48718,154.98599	0.00000,32.82051,24.56281
140	19216800000204	1542072714000	402,403,302	16146.00000,15034.00000,14480.50000	354.00000,758.00000,204.50000	50.00000,55.72626,-1	0.00000,5.72626,147.40665
140	19216800000204	1542072715000	203,103	11933.00000,11664.00000	353.20532,0.00000	145.83333,-1	41.66667,47.55523
142	19216800000204	1542072728000	1103	16575.66667	352.51509	207.70432	31.23373
142	19216800000204	1542072729000	1003,903,803	17581.50000,17102.00000,17940.50000	553.50000,645.52356,13.50000	296.70330,166.04738,118.68040	0.00000,92.57423,25.15522
142	19216800000204	1542072730000	603	16147.25000	1223.77620	172.84454	51.35802
142	19216800000204	1542072731000	403,303	17649.00000,16744.66667	303.00000,506.47167	307.69231,243.05627	0.00000,46.53796
142	19216800000204	1542072732000	204	13005.00000	0.00000	-1	39.83717
142	19216800000204	1542072733000	104	9617.00000	0.00000	-1	0.00000
144	19216800000204	1542072739500	304	21370.33333	1505.52590	175.60853	15.23117
144	19216800000204	1542072740500	504,503,603	21079.00000,21779.00000,19441.00000	1605.00000,905.00000,1017.22072	395.34884,337.67442,199.16541	0.00000,57.67442,58.96190
144	19216800000204	1542072741500	903,1003	20836.33333,20412.00000	476.35444,462.00000	141.82582,238.25439	13.25439,83.17418
144	19216800000204	1542072742500	1204	16638.25000	2193.13946	61.84936	43.99129
146	19216800000204	1542072761500	1003,903	13725.00000,14022.00000	387.00000,90.00000	277.22772,265.59799	0.00000,11.62973
146	19216800000204	1542072762500	702,603,503	14057.00000,15547.00000,16244.50000	811.00000,481.49836,402.50000	302.75229,270.01796,240.30303	0.00000,23.14812,13.03030
146	19216800000204	1542072763500	303,203	15734.00000,14883.00000	1198.00000,271.20595	244.75524,163.43643	0.00000,57.65344
146	19216800000204	1542072764500	103	14058.00000	0.00000	-1	0.00000
148	19216800000204	1542072771500	303	15351.00000	1161.00000	209.87654	0.00000
148	19216800000204	1542072772500	503,603	15109.66667,14699.00000	914.35964,867.00000	192.43652,161.18179	62.66552,31.41080
148	19216800000204	1542072773500	802,803	15450.66667,14267.50000	417.41213,600.50000	103.20687,115.73410	10.61427,1.91296
148	19216800000204	1542072774500	1002,1003,1103	14885.00000,15908.00000,15371.50000	695.00000,328.00000,864.50000	15.46392,-1,-1	0.00000,56.41234,78.66077
148	19216800000204	1542072775500	1203	9247.20000	782.40000	13.98601	24.22449
150	19216800000204	1542072801000	1103,1003	15018.25000,17248.00000	1218.69938,508.00000	77.30945,154.83057	74.57082,23.25162
150	19216800000204	1542072802000	903,803	17085.33333,16933.00000	1001.39813,535.50412	152.77309,154.20430	15.36851,14.08596
150	19216800000204	1542072803000	603,503	17513.00000,18162.66667	703.00000,1187.04151	197.27891,154.34846	0.00000,31.14529
150	19216800000204	1542072804000	303,203	18193.66667,17936.00000	1184.71159,596.00000	184.77815,164.42693	5.00287,25.35409
150	19216800000204	1542072805000	104	12584.00000	0.00000	-1	25.02813
152	19216800000204	1542072814500	203	13162.50000	607.50000	188.88889	0.00000
152	19216800000204	1542072815500	403,402	14663.50000,12834.00000	996.50000,589.05178	279.06977,177.35942	0.00000,72.03049
152	19216800000204	1542072816500	602,702	14449.00000,14038.00000	689.00000,1104.26446	151.31579,122.57790	0.00000,34.12874
152	19216800000204	1542072817500	902	14018.50000	732.28051	175.81120	104.12235
152	19216800000204	1542072818500	1103,1203	14713.25000,13837.00000	878.50936,492.00000	157.26299,81.81818	37.32883,31.81818
152	19216800000204	1542072819500	1203	10240.00000	0.00000	-1	52.82088
154	19216800000204	1542072846000	1103	15790.00000	551.18055	96.15385	57.69231
154	19216800000204	1542072847000	1003,903	17649.33333,17972.00000	668.80457,705.90084	166.91919,159.95443	22.47475,30.42716
154	19216800000204	1542072848000	703,603	18481.33333,18453.50000	974.86592,1140.50000	124.93921,177.52902	25.43673,78.02653
154	19216800000204	1542072849000	403,303	18136.33333,19353.00000	736.45200,177.00000	215.94427,-1	113.00310,44.08490
154	19216800000204	1542072850000	204	15524.75000	946.79337	105.72888	32.17803
154	19216800000204	1542072851000	104	12972.00000	0.00000	-1	0.00000
156	19216800000204	1542072860500	303,403	14969.00000,16378.00000	616.66928,448.00000	162.35048,189.28009	15.08952,6.79834
156	19216800000204	1542072861500	603	15257.50000	1099.50205	176.83198	56.51864
156	19216800000204	1542072862500	803,903	17385.00000,16857.33333	95.00000,440.29485	185.56701,157.69987	0.00000,28.51764
156	19216800000204	1542072863500	1103	16905.50000	1077.38700	56.25876	25.92114
156	19216800000204	1542072864500	1203	13365.00000	0.00000	-1	0.00000
158	19216800000204	1542072891500	1103	15256.00000	384.00000	231.70732	0.00000
158	19216800000204	1542072892500	903,803	15376.00000,15088.75000	288.00000,836.46320	320.51282,182.37859	0.00000,80.46754
158	19216800000204	1542072893500	603,503	16956.50000,16659.00000	339.50000,564.16487	177.77778,148.31975	0.00000,22.16150
158	19216800000204	1542072894500	303,204	17363.33333,15464.33333	1239.33002,323.79452	216.11099,172.07236	92.39965,104.57859
158	19216800000204	1542072895500	104	14560.00000	0.00000	-1	31.60767
160	19216800000204	1542072903000	203	15762.50000	603.50000	318.18182	0.00000
160	19216800000204	1542072904000	403,503	18171.00000,18617.00000	441.00000,870.60783	178.29457,183.17888	0.00000,5.01985
160	19216800000204	1542072905000	803	21649.50000	789.23713	118.16170	23.70099
160	19216800000204	1542072906000	1003,1103	19831.66667,20010.33333	181.05677,49.81521	150.94633,166.70211	101.68525,77.44080
160	19216800000204	1542072907000	1203	13530.00000	0.00000	-1	54.54197
162	19216800000204	1542072934500	1103	15401.50000	351.50000	261.90476	0.00000
162	19216800000204	1542072935500	903,803	16607.00000,17048.50000	717.88996,929.50000	181.58388,130.68182	45.22024,5.68182
162	19216800000204	1542072936500	603,503	17222.33333,17528.00000	1303.91368,1288.00000	144.72689,140.73427	23.10527,27.09790
162	19216800000204	1542072937500	303,203	17573.66667,15641.00000	1959.33260,333.00000	183.32516,171.52704	72.77240,84.57052
162	19216800000204	1542072938500	104	13747.00000	71.01408	19.86755	28.09696
164	19216800000204	1542072947500	303,403	17275.00000,17257.00000	665.20222,724.34936	283.41947,174.65248	53.78984,39.91897
164	19216800000204	1542072948500	503,603	16982.50000,16819.66667	944.50000,1000.09477	203.12500,181.39843	0.00000,43.10292
164	19216800000204	1542072949500	903,1003	18863.25000,17573.00000	1528.47005,1147.00000	162.69028,162.71982	59.90127,9.94205
164	19216800000204	1542072950500	1103,1203	16790.00000,14837.33333	196.51124,1863.25706	157.26179,-1	41.31977,34.95564
164	19216800000204	1542072951500	1203	12456.00000	0.00000	-1	0.00000
166	19216800000204	1542072977500	1103,1003	20024.50000,20379.00000	733.50000,379.00000	351.35135,258.43430	0.00000,92.91705
166	19216800000204	1542072978500	803,703	18808.50000,20437.50000	1289.72836,142.50000	175.03741,200.45564	34.20590,6.21103
166	19216800000204	1542072979500	503,403	20527.50000,21437.00000	672.50000,1672.63704	217.05426,188.84887	0.00000,20.43178
166	19216800000204	1542072980500	204,104	17104.00000,15724.00000	551.71913,809.00000	199.47982,80.01696	60.13556,59.32730
168	19216800000204	1542072989500	203,303	13240.50000,14727.00000	43.50000,1058.19941	129.03226,159.57014	0.00000,22.90918
168	19216800000204	1542072990500	503,603	15632.50000,16782.50000	902.83152,222.50000	130.76088,157.75951	34.63681,14.90236
168	19216800000204	1542072991500	703,803,802	16287.00000,14573.00000,14515.00000	3.00000,1212.01568,709.00000	176.47059,204.16425,240.69245	0.00000,99.50814,96.80755
168	19216800000204	1542072992500	1003,1103	16233.50000,15604.00000	968.24726,56.00000	138.51018,145.93211	45.31394,49.38039
168	19216800000204	1542072993500	1203	9649.00000	1179.52660	12.34568	17.45943
170	19216800000204	1542073021500	1003	16655.75000	918.33446	106.60889	53.02099
170	19216800000204	1542073022500	803,703	16745.00000,15680.33333	425.56864,956.25462	141.63324,151.36249	15.84708,4.38358
170	19216800000204	1542073023500	503,403	16016.66667,15423.00000	998.27095,485.00000	136.18905,198.53222	48.27697,14.06620
170	19216800000204	1542073024500	303,203	14173.00000,13476.33333	346.54389,573.12147	174.14630,122.62915	23.77036,20.13278
170	19216800000204	1542073025500	103	12070.00000	0.00000	-1	29.80213
172	19216800000204	1542073035500	303,403	17013.75000,15962.00000	650.26547,873.00000	190.08595,170.94781	6.28179,23.29680
172	19216800000204	1542073036500	603	15287.00000	961.26661	134.71576	18.15556
172	19216800000204	1542073037500	802,902	14132.33333,14102.66667	516.78515,529.92662	121.36087,179.85515	92.92485,31.03227
172	19216800000204	1542073038500	1002,1102	14096.66667,13365.00000	341.76828,371.45749	114.99600,123.50200	41.46659,59.62899
172	19216800000204	1542073039500	1203	9716.80000	1245.32059	3.47222	6.01407
174	19216800000204	1542073064500	1103,1003	17467.50000,18686.66667	283.50000,890.78031	200.00000,178.67609	0.00000,28.99565
174	19216800000204	1542073065500	803,703	18711.25000,18140.00000	1027.52357,760.00000	171.31687,181.88687	31.91920,26.44646
174	19216800000204	1542073066500	503,403,404	19637.33333,21518.00000,21735.00000	836.10100,742.00000,525.00000	154.83545,188.27839,246.68295	42.01494,75.45788,17.05332
174	19216800000204	1542073067500	204	16696.40000	1197.73864	108.39775	25.81767
174	19216800000204	1542073068500	104	13650.00000	0.00000	-1	43.91133
176	19216800000204	1542073078500	303	13880.33333	1089.12207	169.30031	6.80031
176	19216800000204	1542073079500	503	15719.75000	947.18329	106.33476	33.62017
176	19216800000204	1542073080500	703,803	15849.50000,15508.66667	169.50000,700.49570	132.45033,151.42764	0.00000,62.19413
176	19216800000204	1542073081500	1003	17640.50000	1004.13582	104.87413	69.42607
176	19216800000204	1542073082500	1203	12160.00000	0.00000	-1	41.74242
178	19216800000204	1542073108500	905	30421.66667	3053.27915	323.88548	182.78119
178	19216800000204	1542073109500	605,506,406	29007.33333,35868.00000,39330.00000	3383.72274,2368.00000,1094.00000	444.80519,225.64935,208.65571	198.05195,21.10390,4.11025
178	19216800000204	1542073110500	206,106	32462.66667,24001.66667	4246.86978,2208.53018	209.97951,-1	13.90108,73.70915
180	19216800000204	1542073121500	304,303,403	17000.00000,17990.50000,19008.00000	72.00000,918.50000,674.39504	134.83146,181.58896,205.37907	0.00000,46.75750,56.57882
180	19216800000204	1542073122500	603,703	16185.00000,17311.33333	195.00000,708.18893	155.40541,167.29190	0.00000,56.57668
180	19216800000204	1542073123500	903,1003	18868.00000,20225.00000	122.00000,1172.09926	409.09091,207.35854	0.00000,147.44211
180	19216800000204	1542073124500	1203	16563.25000	1557.54669	31.96347	45.20317
182	19216800000204	1542073152000	1103,1003	14725.33333,15641.33333	662.18695,14.72715	83.51648,148.18167	39.56044,25.41325
182	19216800000204	1542073153000	803,703	15672.00000,16886.50000	1391.04080,646.50000	128.55528,210.97460	20.58223,110.01306
182	19216800000204	1542073154000	503,403	17573.66667,18710.00000	345.85193,874.00000	287.63927,134.03880	114.79976,38.80071
182	19216800000204	1542073155000	204	15924.25000	964.24229	97.32651	28.96997
182	19216800000204	1542073156000	204	14496.00000	0.00000	-1	0.00000
184	19216800000204	1542073166500	303	16956.66667	386.12030	134.03880	38.80071
184	19216800000204	1542073167500	503,603	16018.66667,15404.00000	1116.00398,1619.62300	212.69206,173.70634	27.90945,56.35542
184	19216800000204	1542073168500	803,903	15040.00000,16140.00000	909.27664,144.00000	113.60500,114.26117	51.74933,52.40550
184	19216800000204	1542073169500	1003,1103	14788.00000,15692.33333	172.00000,761.51705	215.90909,112.98352	0.00000,73.22759
184	19216800000204	1542073170500	1203	11360.00000	0.00000	-1	44.51371
186	19216800000204	1542073197500	1103,1003	14242.00000,15182.33333	546.41376,312.75585	130.55366,132.20775	25.29050,28.50170
186	19216800000204	1542073198500	803,703	14012.66667,15597.50000	1080.02510,127.50000	103.65432,170.21277	13.22879,79.78723
186	19216800000204	1542073199500	503,403	15543.66667,17001.00000	486.58698,1041.00000	227.38009,132.03125	63.31759,32.03125
186	19216800000204	1542073200500	303,203	14249.00000,13428.00000	955.77299,231.00000	140.15152,124.79322	7.28438,22.64268
186	19216800000204	1542073201500	204	12963.00000	0.00000	-1	14.49569
188	19216800000204	1542073211500	203	13917.00000	803.00000	256.09756	0.00000
188	19216800000204	1542073212500	303,403,503	16192.00000,15791.66667,14451.50000	920.00000,1346.59876,508.50000	133.68984,195.22956,153.37096	0.00000,77.36849,5.71995
188	19216800000204	1542073213500	703	14077.00000	1068.06788	125.71526	27.15669
188	19216800000204	1542073214500	902	13818.75000	609.51841	131.36161	18.07242
188	19216800000204	1542073215500	1002,1102,1202	14353.50000,13903.00000,13986.00000	433.50000,448.82588,458.00000	200.00000,150.49213,-1	0.00000,62.38237,37.36147
188	19216800000204	1542073216500	1203	8456.00000	0.00000	-1	57.80796
190	19216800000204	1542073241500	1103	14200.75000	959.72376	74.67160	40.22656
190	19216800000204	1542073242500	903,803	16366.00000,15758.66667	412.62412,727.06411	188.15789,130.50979	88.15789,22.81043
190	19216800000204	1542073243500	603,503	16965.33333,17557.00000	976.21628,1455.00000	128.52853,194.46830	17.41742,48.52235
190	19216800000204	1542073244500	303	17154.00000	1401.84682	168.34107	14.89902
190	19216800000204	1542073245500	104	13490.00000	0.00000	-1	33.25538
192	19216800000204	1542073255000	303,403	17810.00000,19236.50000	1619.39063,436.50000	236.88811,174.38811	13.11189,49.38811
192	19216800000204	1542073256000	603,703	19021.66667,20569.00000	1965.59445,641.00000	198.51591,180.20601	34.04223,52.35213
192	19216800000204	1542073257000	903,1003	18684.00000,19991.00000	1020.81275,9.00000	188.47212,147.81746	37.71835,78.37302
192	19216800000204	1542073258000	1103,1203	17523.50000,15449.00000	876.50000,847.11392	95.54140,58.51380	0.00000,41.85915
194	19216800000204	1542073284500	1103,1003	16110.00000,16474.33333	179.00000,364.82903	324.32432,154.72689	0.00000,119.97857
194	19216800000204	1542073285500	803,703	17722.00000,17413.00000	860.25268,565.00000	205.88235,128.49713	22.05882,55.32640
194	19216800000204	1542073286500	503,403	20296.66667,20592.00000	1088.10825,792.00000	170.34617,215.94203	61.53788,15.94203
194	19216800000204	1542073287500	304,204	17371.50000,16374.00000	1271.50000,680.57770	261.53846,150.26836	0.00000,67.32073
194	19216800000204	1542073288500	104	12814.00000	0.00000	-1	38.25448
196	19216800000204	1542073297000	303	13619.33333	703.75059	178.71622	3.71622
196	19216800000204	1542073298000	502,602	13378.00000,12984.00000	931.27654,960.00000	131.97877,140.40610	24.59464,10.90969
196	19216800000204	1542073299000	802	12513.25000	451.91447	128.97896	49.66049
196	19216800000204	1542073300000	1002,1003	13597.00000,13823.33333	571.00000,386.25150	-1,118.53325	49.07321,68.41153
196	19216800000204	1542073301000	1203	12600.00000	0.00000	-1	60.10216
198	19216800000204	1542073329000	1004,904,903	20259.33333,19867.00000,20635.00000	974.29131,503.00000,265.00000	305.27211,-1,-1	230.44218,89.32512,107.49407
198	19216800000204	1542073330000	603,604	20702.00000,20056.00000	1415.88794,916.00000	158.82227,257.63735	2.79390,96.02119
198	19216800000204	1542073331000	304	21057.50000	1077.48910	220.81867	23.98727
198	19216800000204	1542073332000	104	15072.00000	0.00000	-1	60.79498
200	19216800000204	1542073344000	203,303	16992.00000,17354.75000	60.00000,1032.82752	268.29268,171.89353	0.00000,60.72687
200	19216800000204	1542073345000	503,603	17356.50000,15761.66667	1171.50000,362.31509	153.84615,149.74637	0.00000,60.91903
200	19216800000204	1542073346000	803,903	17030.00000,16476.00000	386.19166,240.00000	227.97203,121.22809	95.10490,11.63905
200	19216800000204	1542073347000	1003,1103	17330.50000,17038.33333	786.50000,901.68817	128.57143,101.32341	0.00000,21.36615
200	19216800000204	1542073348000	1203	8126.50000	998.52729	28.84615	40.79462
202	19216800000204	1542073376500	1103	15155.50000	132.50000	85.36585	0.00000
202	19216800000204	1542073377500	903,803	16345.25000,16578.00000	664.92532,822.00000	148.06374,143.83865	77.35749,1.99468
202	19216800000204	1542073378500	703,603	17583.00000,17722.00000	817.00000,1354.40910	192.85714,150.85962	0.00000,34.62503
202	19216800000204	1542073379500	403,303	18049.50000,17481.00000	859.50000,209.54395	108.24742,179.03895	0.00000,82.08918
202	19216800000204	1542073380500	204,104	14946.00000,13790.50000	188.00000,558.58639	96.77419,-1	0.00000,35.48677
204	19216800000204	1542073392000	304,303,403	17625.00000,19452.00000,18574.33333	1245.00000,582.00000,1255.97833	148.51485,189.64204,170.67655	0.00000,41.12719,47.92872
204	19216800000204	1542073393000	603,703	17279.33333,17323.50000	846.77283,1099.50000	149.53125,200.47872	14.53125,65.47872
204	19216800000204	1542073394000	803,903	17150.00000,18157.33333	294.00000,1204.54842	206.52174,138.69302	0.00000,50.47246
204	19216800000204	1542073395000	1103	17363.00000	778.03535	98.04346	59.79502
204	19216800000204	1542073396000	1203	9480.00000	0.00000	-1	34.12956
206	19216800000204	1542073424500	1005	28199.50000	714.50000	304.87805	0.00000
206	19216800000204	1542073425500	805,705,605	26472.00000,25804.33333,26106.50000	660.00000,185.83206,533.50000	54.39331,-1,-1	0.00000,520.47788,184.16030
206	19216800000204	1542073426500	405,305,306,206	31155.50000,29081.50000,30838.50000,31457.50000	2204.50000,130.50000,1626.50000,1007.50000	165.51724,211.54650,215.09740,170.98694	0.00000,46.02926,42.47835,1.63210
206	19216800000204	1542073427500	106	19104.00000	0.00000	-1	32.98646
208	19216800000204	1542073437500	203,303	11900.66667,12868.00000	344.01680,948.00000	160.13584,146.61319	23.77220,10.24955
208	19216800000204	1542073438500	403,402,502	13983.00000,14823.00000,13507.50000	1047.00000,207.00000,1054.32929	400.00000,306.61765,129.09323	0.00000,93.38235,49.84157
208	19216800000204	1542073439500	702,802	13997.25000,12647.50000	1013.11682,272.50000	206.14093,260.47424	133.51611,133.89196
208	19216800000204	1542073440500	902,1002	13773.00000,14024.50000	422.00000,455.41876	270.27027,161.48719	0.00000,64.48622
208	19216800000204	1542073441500	1103,1203	14657.50000,12445.66667	862.50000,1076.67585	183.82353,91.95584	0.00000,71.35828
210	19216800000204	1542073468000	1005	28321.00000	943.00000	260.00000	0.00000
210	19216800000204	1542073469000	705,605,505	32933.00000,30316.00000,31459.00000	1317.00000,1300.00000,2443.00000	423.91304,382.41107,269.25694	0.00000,41.50198,71.65215
210	19216800000204	1542073470000	306,206	32114.00000,29116.66667	1174.00000,3070.96351	129.87013,108.98347	0.00000,20.97912
210	19216800000204	1542073471000	106	24079.00000	0.00000	-1	43.48707
212	19216800000204	1542073478500	303,403	14834.75000,16514.00000	1117.08759,46.00000	147.14361,199.71571	45.21844,9.23952
212	19216800000204	1542073479500	603	14696.50000	726.24841	167.44212	70.29303
212	19216800000204	1542073480500	802,903	14550.00000,14299.50000	414.84696,316.50000	153.86194,161.60922	14.07699,6.32971
212	19216800000204	1542073481500	1103	14597.75000	354.29322	96.65190	37.43631
212	19216800000204	1542073482500	1203	11270.00000	0.00000	-1	48.98979
214	19216800000204	1542073508000	1103	14994.50000	571.97225	123.71395	28.15388
214	19216800000204	1542073509000	903,803	15540.25000,16388.00000	575.75532,596.00000	136.15963,123.04635	28.06187,2.82777
214	19216800000204	1542073510000	603,503	15558.66667,15554.00000	1141.81182,976.00000	177.42486,183.21078	51.74180,45.95588
214	19216800000204	1542073511000	403,303	16475.00000,17122.25000	1195.00000,795.01333	265.30612,184.47110	0.00000,48.41320
214	19216800000204	1542073512000	104	13172.00000	0.00000	-1	33.25538
216	19216800000204	1542073522500	303	12790.50000	250.50000	141.30435	0.00000
216	19216800000204	1542073523500	502	12918.00000	1110.31707	182.05207	57.41137
216	19216800000204	1542073524500	702,802	12100.66667,12707.00000	649.94222,107.00000	119.04321,85.34730	0.16209,33.53382
216	19216800000204	1542073525500	902,1002	12058.50000,12171.33333	436.50000,727.93834	111.62791,132.99585	0.00000,96.87063
216	19216800000204	1542073526500	1102,1202	12974.25000,12043.00000	203.19741,622.00000	56.55632,67.74161	27.89626,25.78357
217	19216800000204	1542073554500	1004	21002.00000	1025.94249	289.56044	218.13187
217	19216800000204	1542073555500	803,703,704	20383.00000,21267.00000,19592.00000	1199.00000,315.00000,1360.00000	187.05036,186.38232,196.30542	0.00000,0.66804,10.59113
217	19216800000204	1542073556500	504,404,304	20899.00000,21722.66667,21801.00000	501.00000,1003.50630,1025.00000	215.82734,174.41626,195.13998	0.00000,55.37119,16.12763
217	19216800000204	1542073557500	204,104	16538.00000,15100.00000	1191.21199,0.00000	85.94051,47.24409	6.19542,47.24409
217	19216800000204	1542073558500	104	10948.00000	0.00000	-1	50.54114
219	19216800000204	1542073569500	303	18060.00000	1407.00000	273.68421	0.00000
219	19216800000204	1542073570500	503,603	18682.50000,17939.33333	412.50000,757.15667	380.28169,221.09035	0.00000,112.67745
219	19216800000204	1542073571500	803,903	19993.33333,20300.00000	1654.41577,500.00000	65.33333,95.53429	1.33333,28.86762
219	19216800000204	1542073572500	1103	19483.25000	900.90826	72.77643	20.54981
219	19216800000204	1542073573500	1204	14685.00000	0.00000	-1	58.86940
221	19216800000204	1542073602500	1003	17108.75000	947.99192	119.07537	31.63834
221	19216800000204	1542073603500	903,803,703	15750.00000,15890.33333,15572.33333	462.00000,811.85891,1378.76426	291.66667,206.58709,134.99602	0.00000,64.01424,22.65039
221	19216800000204	1542073604500	503,403	16053.25000,16235.50000	784.30268,0.50000	182.71002,250.66714	119.02891,99.98221
221	19216800000204	1542073605500	303,203	14574.66667,13620.00000	245.78762,673.25082	203.19952,100.85784	107.61129,13.00291
221	19216800000204	1542073606500	103	13024.00000	0.00000	-1	23.84170
223	19216800000204	1542073617500	303,403	16781.33333,16059.00000	893.41380,1049.00000	241.11186,225.24700	5.15680,21.02165
223	19216800000204	1542073618500	503,603	13927.50000,14827.00000	502.50000,992.13810	103.17460,129.03561	0.00000,18.35009
223	19216800000204	1542073619500	802,803,903	13996.50000,14038.50000,15848.00000	367.50000,409.50000,1400.00000	108.24742,185.99184,162.69005	0.00000,77.74442,101.04621
223	19216800000204	1542073620500	1003,1103	16027.00000,15542.33333	875.99429,824.66653	110.98294,120.03514	3.60039,38.03837
223	19216800000204	1542073621500	1203	11628.00000	0.00000	-1	48.58155
225	19216800000204	1542073645500	1103	14961.66667	663.20049	172.50971	24.85871
225	19216800000204	1542073646500	903,803	16259.33333,15320.00000	1038.52502,120.00000	137.59353,115.16351	30.72330,8.29328
225	19216800000204	1542073647500	603	16534.75000	732.34192	121.55020	5.34767
225	19216800000204	1542073648500	403,303	17799.00000,16994.33333	1201.00000,1807.03004	52.88462,-1	0.00000,112.63098
225	19216800000204	1542073649500	204,104	14105.00000,12450.33333	0.00000,1987.04644	112.50000,51.98700	0.00000,44.23343
227	19216800000204	1542073661000	203,303	15214.00000,16190.33333	1152.00000,444.33496	298.96907,228.45680	0.00000,55.20408
227	19216800000204	1542073662000	503,603	16426.33333,16466.50000	846.72598,914.50000	133.51201,124.94811	10.32361,18.88751
227	19216800000204	1542073663000	803,903	15996.33333,18231.33333	1268.35493,897.31501	154.76190,169.88563	83.33333,53.51557
227	19216800000204	1542073664000	1003,1103	18045.33333,17239.33333	917.79058,250.73935	132.88223,119.33082	45.92571,61.79210
227	19216800000204	1542073665000	1203	12800.00000	0.00000	-1	41.96792
229	19216800000204	1542073692000	1103,1003	18618.00000,17921.00000	462.00000,826.42544	362.50000,163.79204	0.00000,120.32718
229	19216800000204	1542073693000	803,703	16666.00000,16716.00000	1186.02867,1060.00000	132.75035,123.60248	4.93081,14.07867
229	19216800000204	1542073694000	503,403	18480.66667,19279.66667	1461.18886,1121.54962	187.68623,214.29067	53.27763,42.83885
229	19216800000204	1542073695000	304,204	16725.00000,15251.00000	975.00000,845.81647	181.81818,106.23963	0.00000,59.32044
229	19216800000204	1542073696000	104	13950.00000	0.00000	-1	0.00000
231	19216800000204	1542073705000	303	15086.00000	566.00000	82.47423	0.00000
231	19216800000204	1542073706000	503	15777.25000	925.43973	166.12769	34.17110
231	19216800000204	1542073707000	703,803	14263.50000,15716.33333	7.50000,1037.92817	123.28767,127.43050	0.00000,21.47346
231	19216800000204	1542073708000	1003,1103	17459.00000,17504.00000	921.18872,396.00000	178.20568,139.90112	54.35246,92.65702
231	19216800000204	1542073709000	1203	12173.25000	2395.51272	24.63768	29.86586
233	19216800000204	1542073736500	1003	18235.00000	635.73003	84.03890	4.56870
233	19216800000204	1542073737500	903,803,703	18426.00000,18803.33333,18361.00000	678.00000,346.43454,43.00000	269.23077,178.27379,162.46924	0.00000,64.45285,34.80967
233	19216800000204	1542073738500	504,503,403	20787.00000,20461.50000,19437.00000	513.00000,838.50000,186.00000	80.53691,91.02988,188.12406	0.00000,10.49296,86.60122
233	19216800000204	1542073739500	204	17436.00000	1509.91192	79.22017	30.28322
233	19216800000204	1542073740500	104	14151.00000	0.00000	-1	0.00000
235	19216800000204	1542073751000	303,403	17260.00000,16625.33333	1039.61531,1293.68346	194.33244,140.98295	20.72133,30.98509
235	19216800000204	1542073752000	603,703	15507.33333,14862.00000	611.32497,1182.00000	126.94783,187.14383	4.99661,65.19261
235	19216800000204	1542073753000	903	15704.75000	182.36965	155.51046	66.40464
235	19216800000204	1542073754000	1103,1203	15876.00000,14679.00000	804.58188,549.00000	138.16614,103.35498	20.92476,55.73593
235	19216800000204	1542073755000	1203	12320.00000	0.00000	-1	0.00000
237	19216800000204	1542073779500	1004,904	23526.50000,23847.50000	334.50000,655.50000	121.21212,181.92959	0.00000,60.71747
237	19216800000204	1542073780500	704,604,504	23786.50000,23049.66667,24870.50000	74.50000,925.20893,1337.50000	436.17021,293.39798,200.47348	0.00000,106.29977,19.22348
237	19216800000204	1542073781500	305,205	22700.00000,20295.33333	1240.00000,1024.80741	160.83916,157.28349	0.00000,43.63676
237	19216800000204	1542073782500	105	15675.00000	0.00000	-1	0.00000
239	19216800000204	1542073791000	304,404	22911.00000,24212.00000	21.00000,1259.36571	290.32258,216.74287	0.00000,62.14747
239	19216800000204	1542073792000	604,704,804	22839.00000,21895.00000,21882.66667	439.00000,505.00000,1014.53744	228.18792,256.95110,199.52954	0.00000,28.76318,61.05437
239	19216800000204	1542073793000	1005,1105,1104,1205	27342.00000,27186.00000,27242.00000,27328.00000	126.00000,30.00000,86.00000,0.00000	140.00000,292.89157,270.96849,-1	0.00000,152.89157,174.81464,42.30659
241	19216800000204	1542073817500	1103	13776.66667	779.61415	72.87645	1.44788
241	19216800000204	1542073818500	903,803	15019.75000,13807.00000	1043.38017,255.00000	157.76953,160.74302	50.92631,9.79962
241	19216800000204	1542073819500	703,603	14924.00000,14979.50000	182.00000,1210.22673	195.65217,148.43209	0.00000,28.26902
241	19216800000204	1542073820500	403,303	15550.00000,15691.50000	112.00000,1276.37269	233.57664,156.77787	0.00000,54.99432
241	19216800000204	1542073821500	204,104	13299.00000,12637.50000	99.00000,439.07488	234.56790,-1	0.00000,93.45732
243	19216800000204	1542073827500	304	39016.50000	1168.50000	12.34568	0.00000
243	19216800000204	1542073828500	504	26282.40000	1566.46616	136.30462	63.52019
243	19216800000204	1542073829500	804,903	26697.00000,26047.00000	1360.76376,1057.00000	204.41932,171.06106	32.99075,66.34902
243	19216800000204	1542073830500	1104,1103	26508.00000,24734.00000	582.74752,990.00000	41.43901,92.98977	13.50605,38.04471
243	19216800000204	1542073831500	1204	19392.00000	0.00000	-1	16.28128
245	19216800000204	1542073859500	1103,1002	16130.25000,17823.00000	719.85776,477.00000	72.04672,149.03846	39.69995,24.03846
245	19216800000204	1542073860500	903,803	18296.66667,17981.33333	886.63308,1575.72361	179.69245,145.92279	61.27140,20.55595
245	19216800000204	1542073861500	603,503	21805.33333,20546.00000	1077.12746,260.00000	142.06109,160.90620	22.49587,41.34099
245	19216800000204	1542073862500	303	23094.00000	574.60769	108.02469	24.00671
