1	19216800000205	1542071405000	1104,1005,905,904	26720.00000,26013.50000,24972.00000,25823.50000	560.00000,1266.50000,225.00000,626.50000	311.47541,300.89900,179.75249,-1	0.00000,10.57641,110.57010,52.61863
1	19216800000205	1542071406000	705,604,504	25252.50000,30207.66667,28365.50000	1452.50000,2705.02364,2261.50000	121.95122,157.41569,211.15882	0.00000,26.24156,45.47835
1	19216800000205	1542071407000	404,305,205,204	28845.00000,28242.50000,29206.50000,29260.00000	801.00000,198.50000,765.50000,712.00000	211.05528,270.47609,203.68085,-1	0.00000,59.42082,126.21606,16.13388
1	19216800000205	1542071408000	104	20952.00000	0.00000	-1	47.02518
3	19216800000205	1542071418000	204,304	22488.00000,22228.00000	1163.11306,668.00000	211.72664,206.79876	71.10164,76.02953
3	19216800000205	1542071419000	504,604	23642.66667,25692.50000	1952.85267,606.50000	207.39087,167.05217	38.64087,1.69783
3	19216800000205	1542071420000	804,904,1004	24235.50000,25460.50000,26415.00000	267.50000,957.50000,3.00000	308.27068,229.13534,137.50000	0.00000,79.13534,12.50000
3	19216800000205	1542071421000	1104,1204	20703.33333,15618.00000	2355.94246,1894.00000	60.48652,132.82592	51.93951,20.39989
3	19216800000205	1542071422000	1204	6916.00000	0.00000	-1	32.88047
5	19216800000205	1542071442500	1005,905,804	23430.00000,23706.50000,23718.33333	1056.00000,779.50000,581.54526	346.53465,290.50871,271.50158	0.00000,56.02595,35.06390
5	19216800000205	1542071443500	504,404,304	27358.50000,28075.50000,29280.50000	607.50000,1324.50000,119.50000	200.00000,252.34375,230.17394	0.00000,52.34375,74.51356
5	19216800000205	1542071444500	104,105	18807.50000,17000.00000	1807.50000,0.00000	37.97468,-1	0.00000,33.38339
7	19216800000205	1542071452000	204	23842.80000	1407.69690	120.83333	35.09247
7	19216800000205	1542071453000	404,504	24815.66667,24740.00000	1034.74839,941.43720	184.62332,139.04276	43.44685,62.96170
7	19216800000205	1542071454000	704,804	23374.00000,24174.00000	819.07631,102.00000	140.94010,164.58073	55.49680,51.10555
7	19216800000205	1542071455000	904,1004	23747.00000,23861.66667	321.87679,128.46357	74.98684,154.44319	31.88339,37.09161
7	19216800000205	1542071456000	1104,1205	22059.50000,22140.00000	919.32625,0.00000	36.34660,-1	31.36749,39.99028
7	19216800000205	1542071457000	1205	13440.00000	0.00000	-1	42.04957
9	19216800000205	1542071478500	905	22318.00000	562.00000	628.57143	0.00000
9	19216800000205	1542071479500	305,205,105	34853.66667,30423.50000,25605.00000	1553.40322,2241.50000,2577.00000	420.13889,270.07114,116.88862	107.63889,42.42886,110.75365
9	19216800000205	1542071480500	105	23028.00000	0.00000	-1	0.00000
11	19216800000205	1542071490000	205,305	32751.50000,31481.00000	1903.50000,2705.32894	203.29670,146.10781	0.00000,72.29504
11	19216800000205	1542071491000	405,505,504,505	27965.50000,26215.00000,25929.00000,27605.00000	933.50000,817.00000,531.00000,1145.00000	396.55172,257.09939,110.97077,174.09846	0.00000,139.45233,6.67629,69.80398
11	19216800000205	1542071492000	805,905	31040.33333,30661.50000	2867.81593,435.50000	85.97730,-1	12.44789,421.15914
11	19216800000205	1542071493000	1105,1106	32285.66667,33704.33333	1296.08033,288.97097	241.25874,-1	228.43823,30.00492
13	19216800000205	1542071518000	1107,1006,906	50920.00000,57250.66667,59334.00000	1640.00000,3778.22016,2478.00000	56.81818,-1,-1	0.00000,262.63340,173.36101
13	19216800000205	1542071519000	606,506	59002.50000,57089.00000	2617.50000,2372.48014	314.96063,298.99746	0.00000,24.66903
13	19216800000205	1542071520000	206	57638.00000	0.00000	-1	40.78980
15	19216800000205	1542071528000	303,403	15784.00000,17052.66667	679.46450,647.22244	210.30702,219.84749	6.35965,26.13945
15	19216800000205	1542071529000	804,904,1004	23121.50000,24334.00000,24849.00000	1186.50000,26.00000,489.00000	300.81301,264.53694,288.04348	0.00000,36.27607,59.78261
15	19216800000205	1542071530000	1104	25792.00000	0.00000	-1	0.00000
17	19216800000205	1542070983500	706,606	41868.00000,45213.00000	1476.00000,3532.70689	416.00000,249.23322	0.00000,179.28670
20	19216800000205	1542071552000	506,406,306	45316.00000,47603.00000,53424.50000	3020.00000,5253.86835,1335.50000	353.53535,259.35040,222.45896	0.00000,69.00372,32.31811
20	19216800000205	1542071553000	106	22428.00000	0.00000	-1	114.83497
22	19216800000205	1542071562000	405	24458.00000	794.00000	671.42857	0.00000
22	19216800000205	1542071563000	805,905,1005,1105	31464.00000,28379.00000,29519.00000,31226.00000	1964.00000,1121.00000,2261.00000,554.00000	422.76423,339.43089,239.15989,182.09877	0.00000,83.33333,16.93767,40.12346
22	19216800000205	1542071564000	1205	27342.00000	0.00000	-1	57.98276
27	19216800000205	1542071587500	605,505	30513.00000,31269.00000	814.28783,917.00000	178.98638,144.11458	77.42388,42.55208
27	19216800000205	1542071588500	305,205	34648.00000,32792.66667	2041.35445,3534.52772	151.88097,95.64255	78.88827,40.75503
27	19216800000205	1542071589500	105	13520.00000	0.00000	-1	70.75428
29	19216800000205	1542071599000	305,405	22821.00000,22661.00000	441.18590,37.00000	136.30860,192.34305	54.27306,13.33071
29	19216800000205	1542071600000	605,705,805	21261.50000,21707.50000,21791.00000	493.50000,47.50000,131.00000	218.97810,183.56313,217.63843	0.00000,35.41498,69.49028
29	19216800000205	1542071601000	1005,1105	24053.66667,24065.00000	633.22578,125.00000	127.71093,187.96538	26.70083,33.55361
29	19216800000205	1542071602000	1205	19493.00000	0.00000	-1	22.98097
31	19216800000205	1542071623500	906,806,805	33098.00000,33111.00000,30134.00000	1508.00000,1495.00000,1482.00000	444.44444,324.49495,176.80689	0.00000,119.94949,27.73857
31	19216800000205	1542071624500	505,405,305	32287.50000,35024.00000,31439.33333	2962.50000,226.00000,2376.79144	338.46154,287.82051,176.58321	0.00000,50.64103,67.98954
31	19216800000205	1542071625500	105,106,105	20420.00000,16071.00000,13926.00000	2204.00000,2145.00000,0.00000	122.95082,86.79187,-1	0.00000,36.15895,67.35551
33	19216800000205	1542071632000	203	12472.66667	1116.82924	157.88251	10.05642
33	19216800000205	1542071633000	403,503	14968.50000,14215.00000	283.50000,869.45615	201.49254,161.49203	0.00000,45.94821
33	19216800000205	1542071634000	703,803	15167.50000,14399.66667	393.50000,868.04391	184.87395,185.21563	0.00000,52.75728
33	19216800000205	1542071635000	1003,1103,1204	15417.00000,14776.66667,13862.50000	297.00000,260.29897,857.50000	184.21053,151.65478,82.89293	0.00000,28.64255,31.61088
33	19216800000205	1542071636000	1204	11613.00000	0.00000	-1	28.77925
35	19216800000205	1542071650500	605	23411.00000	133.00000	563.02521	0.00000
37	19216800000205	1542071657500	305	31893.00000	2127.00000	473.68421	0.00000
37	19216800000205	1542071658500	605,706,806,906	33375.00000,31875.00000,33071.00000,36994.00000	125.00000,1375.00000,2571.00000,1352.00000	189.47368,331.57895,398.60681,242.93354	0.00000,142.10526,75.07740,80.59587
37	19216800000205	1542071659500	1106,1206	26184.00000,23108.00000	3076.00000,0.00000	186.99187,-1	0.00000,76.81610
39	19216800000205	1542071678000	1006	34448.00000	3696.00000	324.78632	0.00000
39	19216800000205	1542071679000	606,506,406	38251.00000,37697.50000,43098.50000	3021.00000,2467.50000,2933.50000	273.88535,298.23300,315.13648	0.00000,24.34765,7.44417
39	19216800000205	1542071680000	206,106	34091.00000,23520.00000	8469.15120,0.00000	140.45513,95.67901	50.90289,95.67901
41	19216800000205	1542071685000	407,506,606	38990.00000,42075.00000,36398.66667	2810.00000,275.00000,4264.94059	593.75000,454.59312,304.63923	0.00000,139.15688,9.99585
41	19216800000205	1542071686000	906,1006,1106	29799.50000,30886.66667,30021.00000	934.50000,701.56080,93.00000	239.66942,168.87418,271.72886	0.00000,73.04776,73.09872
41	19216800000205	1542071687000	1206	19383.00000	0.00000	-1	51.76588
43	19216800000205	1542071702000	705	28916.50000	779.50000	578.94737	0.00000
43	19216800000205	1542071703000	205,105	32230.00000,24630.66667	3338.00000,3013.21770	147.43590,81.00804	0.00000,61.06703
45	19216800000205	1542071709500	705,805,905	25483.00000,29565.50000,31469.50000	733.00000,3349.50000,1445.50000	558.82353,489.08918,364.51613	0.00000,69.73435,54.83871
47	19216800000205	1542071722500	606,406,306,206	32332.00000,38306.00000,42186.00000,38369.50000	2808.00000,3166.00000,714.00000,4530.50000	1775.00000,1111.90945,447.38242,420.64739	0.00000,663.09055,1.43648,25.29855
49	19216800000205	1542071727000	405	24854.00000	2.00000	689.18919	0.00000
49	19216800000205	1542071728000	1005,1105	35826.00000,31645.33333	1698.00000,5435.87720	360.65574,288.31976	0.00000,51.61295
51	19216800000205	1542071744500	1005,905	24146.00000,23486.50000	820.00000,160.50000	414.89362,321.41740	0.00000,93.47622
51	19216800000205	1542071745500	705,605,505	25723.50000,29913.66667,29535.00000	919.50000,2635.94971,465.00000	373.73737,294.97943,256.68678	0.00000,59.84769,27.92861
51	19216800000205	1542071746500	305,205,206	29140.00000,29528.00000,25154.66667	140.00000,528.00000,4367.97721	282.44275,213.74046,124.22681	0.00000,68.70229,36.30693
53	19216800000205	1542071752500	306	32581.00000	2110.81548	472.00206	244.41585
53	19216800000205	1542071753500	606,706,806	29565.50000,32351.33333,30018.00000	898.50000,2247.62769,1062.00000	458.82353,315.80054,248.86309	0.00000,101.14399,2.70924
53	19216800000205	1542071754500	1105,1106	30066.33333,26656.00000	1900.59295,2240.00000	90.52938,101.99487	6.02234,5.44315
53	19216800000205	1542071755500	1206	19090.00000	0.00000	-1	0.00000
55	19216800000205	1542071775500	1004,904	18212.66667,17727.33333	638.94149,1175.81896	228.88963,183.35722	5.48537,38.09502
55	19216800000205	1542071776500	604,504	20748.00000,21491.00000	2043.00000,925.44080	248.12030,239.21575	0.00000,62.65477
55	19216800000205	1542071777500	205,105	22646.25000,17587.50000	1857.10882,1900.50000	135.27079,101.75575	20.57542,12.99835
55	19216800000205	1542071778500	105	14707.00000	0.00000	-1	26.02153
57	19216800000205	1542071786000	304	20247.50000	1468.94546	199.64892	35.67858
57	19216800000205	1542071787000	604,704	20031.66667,20721.66667	1829.24034,1320.88161	211.38401,171.01761	28.28541,56.14206
57	19216800000205	1542071788000	1004	18251.00000	479.47784	152.85243	50.68537
57	19216800000205	1542071789000	1205	15379.00000	0.00000	-1	36.37307
59	19216800000205	1542071805500	905,805	26543.00000,31996.00000	1582.00000,5257.86579	252.33645,218.75861	0.00000,52.99761
59	19216800000205	1542071806500	405,305,205	28182.00000,28798.00000,28072.00000	1342.00000,726.00000,0.00000	176.82927,220.41463,257.00000	0.00000,43.58537,7.00000
59	19216800000205	1542071807500	105	14840.00000	0.00000	-1	67.68757
61	19216800000205	1542071816500	206,205	25208.00000,27896.50000	2281.00000,407.50000	191.17647,207.65720	0.00000,16.48073
61	19216800000205	1542071817500	405,505	26356.75000,26840.00000	675.98202,1240.00000	138.45888,129.85957	51.53265,57.13230
61	19216800000205	1542071818500	605,705,805	22856.00000,24759.33333,26609.50000	328.00000,1805.50295,340.50000	185.18519,163.52557,86.06782	0.00000,40.39336,20.85042
61	19216800000205	1542071819500	906,1005	25982.00000,25106.00000	858.51500,240.21657	71.07081,-1	37.73748,144.02451
61	19216800000205	1542071820500	1106,1206	28845.00000,22075.25000	1395.00000,4038.75162	235.29412,98.92071	0.00000,89.70338
61	19216800000205	1542071821500	1205	16796.00000	0.00000	-1	0.00000
63	19216800000205	1542071860000	1005,1006,906	27457.50000,26848.50000,27547.50000	892.50000,283.50000,415.50000	310.00000,235.76923,166.65880	0.00000,74.23077,5.12034
63	19216800000205	1542071861000	606,506	31628.66667,31332.00000	2480.60978,2338.00000	286.60782,184.53510	20.47879,81.59393
63	19216800000205	1542071862000	206	32786.00000	3337.45951	119.37343	16.71771
65	19216800000205	1542071872000	306,406	29700.00000,30587.00000	1188.94912,733.00000	184.30506,212.67385	28.46090,56.82970
65	19216800000205	1542071873000	706,806	30636.33333,32994.00000	1422.37837,3614.00000	183.77743,219.00172	5.61651,40.84080
65	19216800000205	1542071874000	1005,1105,1106,1206	33321.00000,31346.50000,28661.00000,25128.00000	378.00000,1596.50000,1089.00000,2444.00000	115.10791,164.69681,193.94841,121.42094	0.00000,49.58890,20.33730,52.19017
65	19216800000205	1542071875000	1206	22684.00000	0.00000	-1	0.00000
67	19216800000205	1542071898000	1105,1005,905	21574.50000,20242.00000,19439.50000	234.50000,811.46945,35.50000	302.75229,208.27556,-1	0.00000,86.11295,68.07868
67	19216800000205	1542071899000	805,705,605	19527.00000,21612.66667,21444.50000	167.00000,1359.10812,1028.50000	137.09677,190.83679,199.63054	0.00000,38.07789,21.05911
67	19216800000205	1542071900000	505,405,305	29439.00000,26380.00000,28355.33333	2439.00000,620.00000,3122.46188	122.44898,212.08656,199.34384	0.00000,89.63758,76.82329
67	19216800000205	1542071901000	205,105	24473.00000,18195.50000	1421.00000,3929.13588	103.17460,46.82299	0.00000,32.77422
67	19216800000205	1542071902000	105	13376.00000	0.00000	-1	0.00000
69	19216800000205	1542071909500	205	24626.00000	646.00000	181.34715	0.00000
69	19216800000205	1542071910500	305,405,505	25653.00000,25212.50000,24923.00000	567.00000,1007.50000,727.40956	276.42276,194.30894,199.47665	0.00000,82.11382,63.84966
69	19216800000205	1542071911500	705,805,905	27839.50000,28779.33333,25282.00000	3535.50000,2286.24063,530.00000	296.70330,194.95927,198.97032	0.00000,72.38380,45.12417
69	19216800000205	1542071912500	1005,1105	24528.50000,26858.00000	218.50000,1534.66022	177.30496,108.60527	0.00000,53.45036
69	19216800000205	1542071913500	1205	17679.00000	0.00000	-1	38.82016
71	19216800000205	1542071937500	906	29275.00000	1294.57870	187.50000	62.50000
71	19216800000205	1542071938500	706,606,506	29344.00000,31619.00000,31734.00000	224.00000,2051.00000,1455.63457	305.55556,292.77778,235.80128	0.00000,12.77778,40.97375
71	19216800000205	1542071939500	306,206	32720.00000,29726.25000	625.00000,3089.02739	200.00000,132.14143	0.00000,55.32707
71	19216800000205	1542071940500	106	18960.00000	0.00000	-1	46.17407
73	19216800000205	1542071946500	405,505,605	21960.00000,23954.00000,29436.50000	260.00000,2254.00000,3228.50000	494.50549,423.94448,365.00342	0.00000,70.56102,11.61996
73	19216800000205	1542071947500	1205	30956.00000	0.00000	-1	78.46190
75	19216800000205	1542071960500	706,606,506	33349.50000,37266.50000,40749.50000	1759.50000,2157.50000,1325.50000	596.33028,450.76254,389.43951	0.00000,145.56774,84.24470
77	19216800000205	1542071966500	203	11041.00000	629.89920	66.11786	36.73596
77	19216800000205	1542071967500	303,403	13450.66667,13540.33333	683.10142,669.49351	151.75839,152.12279	24.24161,17.27370
77	19216800000205	1542071968500	603	13951.25000	434.78464	170.66615	92.55701
77	19216800000205	1542071969500	803,904	15506.00000,14842.00000	686.00000,1215.21356	208.79121,164.28574	0.00000,31.66613
77	19216800000205	1542071970500	1104	15667.75000	1001.02757	58.83941	30.87087
77	19216800000205	1542071971500	1204	12284.00000	0.00000	-1	11.45513
79	19216800000205	1542071994000	1006,906	28400.00000,26760.00000	1040.00000,600.00000	282.60870,190.92267	0.00000,91.68603
79	19216800000205	1542071995000	706,606,605	28682.00000,30495.00000,27343.00000	2941.33167,2271.00000,881.00000	239.30831,181.11402,211.37196	37.91942,20.27486,50.53280
79	19216800000205	1542071996000	306,206	32440.00000,33735.33333	1715.82827,2506.05671	289.83804,142.74603	54.98955,66.18145
79	19216800000205	1542071997000	106	22989.00000	0.00000	-1	48.09165
81	19216800000205	1542072008500	206,306,406	31890.50000,30266.00000,32648.00000	914.50000,747.93761,2058.00000	480.00000,262.60417,205.20833	0.00000,153.94558,61.45833
81	19216800000205	1542072009500	605,705	28305.66667,25650.50000	1899.99129,3.50000	192.42432,178.71688	12.30009,26.00752
81	19216800000205	1542072010500	1006,1005,1105	28614.00000,27759.00000,25569.00000	774.00000,1234.69591,831.00000	142.85714,157.79038,147.97072	0.00000,53.81473,47.34178
81	19216800000205	1542072011500	1206	16313.60000	1251.20000	25.86207	44.79442
83	19216800000205	1542072050500	707,607,606,507	44203.00000,34880.50000,33838.00000,39558.50000	5561.00000,3761.50000,2719.00000,3001.50000	329.89691,221.23984,173.71563,285.33469	0.00000,108.65706,61.13285,50.48621
83	19216800000205	1542072051500	207,106	40516.25000,33286.50000	4784.81026,511.50000	98.31224,43.59712	16.50345,36.40288
83	19216800000205	1542072052500	106	29008.00000	0.00000	-1	72.97342
85	19216800000205	1542072061000	608,708,808	33196.00000,36995.00000,39080.00000	2392.00000,1407.00000,678.00000	676.47059,535.11029,377.72606	0.00000,141.36029,16.02394
85	19216800000205	1542072062000	1108	35280.00000	0.00000	-1	73.69876
87	19216800000205	1542072085500	1005	22675.00000	125.00000	327.43363	0.00000
87	19216800000205	1542072086500	804,704	19442.00000,20569.33333	1138.00000,1966.92744	275.86207,228.71873	0.00000,41.43844
87	19216800000205	1542072087500	404	22139.75000	1525.68057	118.83089	22.71388
87	19216800000205	1542072088500	205,105,104	22912.50000,19540.50000,16383.00000	1408.50000,1963.50000,1194.00000	27.27273,56.49351,69.34721	0.00000,29.22078,16.36708
87	19216800000205	1542072089500	105	13475.00000	0.00000	-1	55.01291
89	19216800000205	1542072105000	1005,905	25824.00000,25394.00000	926.00000,1037.08180	262.77372,181.28311	0.00000,68.18568
89	19216800000205	1542072106000	605,505	29831.50000,30991.00000	3311.50000,2283.35324	201.49254,192.30257	0.00000,12.83100
89	19216800000205	1542072107000	205,105	27997.00000,23291.50000	1480.34388,2799.50000	111.71405,92.61596	63.46843,44.37034
89	19216800000205	1542072108000	105	17679.00000	0.00000	-1	0.00000
91	19216800000205	1542072114500	204	17323.50000	1576.50000	100.00000	0.00000
91	19216800000205	1542072115500	404,504	23422.00000,23279.00000	14.00000,501.92098	469.69697,288.51559	0.00000,128.22857
91	19216800000205	1542072116500	805,905	25068.00000,23238.00000	351.00000,1629.24584	191.08280,193.53950	0.00000,67.10196
91	19216800000205	1542072117500	1105,1205	22228.50000,18268.66667	1452.50000,1772.95240	57.01754,124.82595	0.00000,138.18767
93	19216800000205	1542072141000	906,806	35497.00000,36949.00000	1603.00000,3055.00000	156.25000,175.02422	0.00000,18.77422
93	19216800000205	1542072142000	606,506,406,407	35184.50000,41253.50000,41373.50000,41428.50000	3530.50000,2538.50000,2418.50000,2473.50000	300.88496,294.44248,273.87013,292.74892	0.00000,6.44248,14.12987,33.00866
93	19216800000205	1542072143000	106	31590.00000	0.00000	-1	39.92377
95	19216800000205	1542072149500	104	13252.00000	1356.82079	32.10231	19.44408
95	19216800000205	1542072150500	304,404	19222.66667,18371.00000	760.92809,1034.42448	120.83781,149.88828	23.89903,37.61985
95	19216800000205	1542072151500	604,704	19765.33333,19386.66667	1027.66186,925.04318	217.32537,191.90124	53.26287,31.94951
95	19216800000205	1542072152500	905,1005	20227.50000,22507.00000	372.50000,1277.62710	184.04908,166.11598	0.00000,97.35751
95	19216800000205	1542072153500	1205	25010.00000	0.00000	-1	17.04127
97	19216800000205	1542072177500	1006,906	32516.50000,30522.00000	704.50000,1290.00000	313.43284,263.33406	0.00000,50.09877
97	19216800000205	1542072178500	605,505	27777.00000,28905.66667	1445.57878,1235.12545	228.98592,202.80519	67.01408,38.69757
97	19216800000205	1542072179500	205	27557.20000	3547.88181	112.74215	32.68114
97	19216800000205	1542072180500	105	16132.00000	0.00000	-1	0.00000
99	19216800000205	1542072187000	203,303	13374.00000,14976.50000	530.00000,866.89143	353.65854,231.38939	0.00000,76.00195
99	19216800000205	1542072188000	604,704,804	18274.00000,19396.50000,19948.50000	620.00000,502.50000,49.50000	225.00000,264.84375,235.32247	0.00000,39.84375,69.36503
99	19216800000205	1542072189000	1104,1204	21963.00000,21112.00000	851.00000,0.00000	94.33962,-1	0.00000,37.26909
101	19216800000205	1542072209500	906,905	28675.00000,30651.00000	1075.00000,3051.00000	160.49383,164.86230	0.00000,4.36847
101	19216800000205	1542072210500	605,505	33348.00000,32529.33333	4142.48621,3936.74869	300.78098,199.88648	105.81243,3.55541
101	19216800000205	1542072211500	205,105	25992.33333,19580.00000	3805.34206,1606.00000	43.32639,39.08397	5.15845,0.91603
103	19216800000205	1542072220000	405	26667.00000	1083.00000	371.42857	0.00000
103	19216800000205	1542072221000	905,1005,1105	30661.50000,28719.00000,29610.00000	943.50000,999.00000,1890.00000	557.89474,423.98554,227.79679	0.00000,133.90920,62.27955
105	19216800000205	1542072241500	906	36921.00000	3129.00000	208.00000	0.00000
105	19216800000205	1542072242500	606,506,406,407	41652.00000,44249.50000,44222.00000,44881.00000	2403.00000,194.50000,222.00000,881.00000	304.96454,329.90162,298.33439,270.91503	0.00000,24.93709,56.50432,29.08497
105	19216800000205	1542072243500	107,106	33628.00000,31080.00000	2548.00000,0.00000	31.49606,-1	0.00000,61.79197
107	19216800000205	1542072252000	204,304	17972.00000,16814.66667	980.00000,885.83721	337.07865,239.90365	0.00000,82.06507
107	19216800000205	1542072253000	503,603	16254.66667,14278.00000	890.87423,902.93300	186.67917,168.55847	32.83302,41.40622
107	19216800000205	1542072254000	803,903	14272.33333,13745.66667	1167.14647,514.40732	126.40809,223.08099	51.01126,156.69283
107	19216800000205	1542072255000	1103,1203	13562.50000,12185.00000	844.71341,197.00000	184.29074,81.47123	122.43081,7.70074
107	19216800000205	1542072256000	1204	9430.50000	1743.30914	33.57314	47.47959
109	19216800000205	1542072276000	1104,1004	16059.00000,17051.66667	51.00000,797.88986	239.31624,214.07160	0.00000,17.88984
109	19216800000205	1542072277000	804,704,604	18548.50000,18665.33333,19063.50000	659.50000,707.42836,536.50000	204.54545,189.96537,179.80851	0.00000,29.09717,36.19149
109	19216800000205	1542072278000	404,304	19835.66667,19521.00000	1301.61447,662.33375	152.43299,139.46846	23.56701,29.13046
109	19216800000205	1542072279000	204,104	17239.00000,11739.50000	1801.00000,2490.56234	138.88889,76.51698	0.00000,49.73808
111	19216800000205	1542072288500	306,405	28722.00000,27252.00000	1153.25973,108.00000	298.83333,235.63889	42.83333,20.36111
111	19216800000205	1542072289500	705,805	29030.00000,28520.33333	1545.37784,1311.11564	221.00477,214.52569	73.56887,54.72396
111	19216800000205	1542072290500	1106,1206	26849.50000,23754.00000	1789.98401,0.00000	126.52504,-1	44.68443,48.50561
113	19216800000205	1542072312500	905,805,705	28639.50000,26910.33333,30344.50000	2314.50000,2796.27494,245.50000	326.53061,228.17170,344.61414	0.00000,102.56663,73.29631
113	19216800000205	1542072313500	405,305	32939.00000,31998.66667	2973.63448,1585.05044	290.58725,214.64479	7.12268,59.23203
113	19216800000205	1542072314500	105	19834.00000	0.00000	-1	105.82830
115	19216800000205	1542072325000	406	33828.50000	596.50000	297.29730	0.00000
115	19216800000205	1542072326000	506,606,706	33883.00000,29666.33333,30772.00000	1334.00000,2147.28578,3374.00000	158.97436,184.43855,178.72161	0.00000,51.61169,40.79058
115	19216800000205	1542072327000	906	32623.60000	2468.25166	121.76125	76.52240
115	19216800000205	1542072328000	1106,1206	32207.00000,26432.00000	3033.07797,1487.75267	127.73795,90.99554	22.79968,65.35740
117	19216800000205	1542072361500	1006,906	33929.00000,35685.00000	1295.00000,3051.00000	206.52174,206.43547	0.00000,0.08627
117	19216800000205	1542072362500	706,606,506	33964.00000,38044.66667,34867.00000	3164.00000,2528.27442,643.00000	367.81609,291.48194,220.93079	0.00000,78.17896,36.88171
117	19216800000205	1542072363500	306,206	37425.50000,37011.75000	590.50000,2798.39493	217.94872,103.59280	0.00000,77.48649
117	19216800000205	1542072364500	106	24480.00000	0.00000	-1	47.52010
119	19216800000205	1542072371500	205,305	29407.00000,30940.00000	3199.00000,1666.00000	436.61972,334.20390	0.00000,102.41582
119	19216800000205	1542072372500	505,605	22148.00000,22096.66667	1356.00000,980.01406	121.21212,177.53141	0.00000,40.09393
119	19216800000205	1542072373500	905,1005	21112.33333,21483.00000	382.36486,778.00000	139.88958,186.26834	15.66598,30.71279
119	19216800000205	1542072374500	1104,1105,1205	22215.50000,19578.50000,15904.50000	632.50000,2004.50000,1669.50000	19.23077,-1,-1	0.00000,51.98622,48.51869
119	19216800000205	1542072375500	1204	9114.00000	0.00000	-1	42.92138
121	19216800000205	1542072401000	906,806	33301.33333,34978.66667	1696.15198,1912.55315	177.85755,235.89098	32.22648,20.23153
121	19216800000205	1542072402000	506,406,306	32060.50000,35985.00000,39393.00000	963.50000,4335.23802,2241.00000	226.19048,214.55026,219.93464	0.00000,44.19019,64.37908
121	19216800000205	1542072403000	206,106	31018.00000,22923.00000	6273.80475,0.00000	84.06241,49.86877	65.54389,70.52509
123	19216800000205	1542072412000	203	15239.33333	1385.70832	190.74675	47.88961
123	19216800000205	1542072413000	403,503	15747.00000,16414.00000	724.00000,986.67151	108.84354,155.92872	0.00000,33.68220
123	19216800000205	1542072414000	703,803	16776.50000,16977.33333	786.50000,1049.06350	137.40458,175.89269	0.00000,81.98603
123	19216800000205	1542072415000	1004,1104	14788.00000,14786.33333	172.00000,366.16238	162.60163,129.93221	0.00000,26.23775
123	19216800000205	1542072416000	1204	13430.00000	0.00000	-1	35.28463
125	19216800000205	1542072438500	1006,906	29640.00000,31988.00000	360.00000,1988.00000	99.33775,206.92694	0.00000,107.58919
125	19216800000205	1542072439500	705,605,505	31768.00000,32465.50000,29484.66667	2536.00000,1838.50000,831.47112	420.00000,328.11024,175.41725	0.00000,91.88976,43.80351
125	19216800000205	1542072440500	205	28543.50000	4737.64712	100.10448	50.74061
125	19216800000205	1542072441500	105	19552.00000	0.00000	-1	0.00000
127	19216800000205	1542072451500	205	23267.00000	1103.63128	136.32075	13.67925
127	19216800000205	1542072452500	505,605	25592.00000,26195.66667	722.66313,1488.67197	277.92208,181.92939	122.07792,23.65712
127	19216800000205	1542072453500	905,1005	30246.75000,27113.50000	2951.23833,576.50000	164.63929,205.79685	76.27850,66.26197
127	19216800000205	1542072454500	1206,1205	21499.00000,17418.50000	1289.00000,1611.67328	122.58065,57.16031	0.00000,57.45794
129	19216800000205	1542072483000	1105,1005	27493.00000,27163.00000	398.67531,689.00000	256.00818,273.43925	120.13861,102.70754
129	19216800000205	1542072484000	805	21018.00000	902.89783	132.52164	18.53688
129	19216800000205	1542072485000	605,604,505	20742.50000,21648.00000,24212.50000	241.50000,1147.00000,1417.50000	127.65957,127.21007,167.03882	0.00000,0.44951,40.27825
129	19216800000205	1542072486000	305	24637.50000	933.98006	87.77653	93.87548
129	19216800000205	1542072487000	205,105	23250.66667,18266.00000	2787.23631,1634.00000	119.98182,85.79193	1.96940,32.22050
129	19216800000205	1542072488000	105	10422.00000	0.00000	-1	35.99174
131	19216800000205	1542072500000	304,305,405	21591.50000,22127.00000,22582.00000	542.50000,1078.00000,608.71833	6.75676,-1,-1	0.00000,93.23730,141.86928
131	19216800000205	1542072501000	604,704	22165.66667,22088.00000	1058.42031,612.00000	119.51703,180.92154	3.38800,58.01651
131	19216800000205	1542072502000	905	20222.75000	936.69509	127.63241	9.11342
131	19216800000205	1542072503000	1105,1205	22278.00000,19602.33333	548.00000,1870.63382	121.01911,-1	0.00000,46.19859
133	19216800000205	1542072531000	906	37487.50000	2939.90378	176.07318	65.07002
133	19216800000205	1542072532000	606,506,507	40929.00000,42395.50000,40525.50000	1175.00000,291.50000,2161.50000	217.39130,221.19565,215.67460	0.00000,3.80435,9.32540
133	19216800000205	1542072533000	207,206	39393.66667,38804.00000	1358.74460,2509.00000	109.05302,49.61363	45.35875,14.08064
133	19216800000205	1542072534000	106	24682.00000	0.00000	-1	21.28391
135	19216800000205	1542072542500	104,105	14871.00000,17439.00000	519.00000,2049.00000	84.61538,46.37273	0.00000,38.24265
135	19216800000205	1542072543500	305	24952.00000	502.14540	72.93736	41.59472
135	19216800000205	1542072544500	506,605	25671.50000,28009.66667	228.50000,1513.83846	142.85714,216.26984	0.00000,60.76743
135	19216800000205	1542072545500	806,905,1005,1006	28836.50000,27651.00000,27758.00000,27937.00000	134.50000,872.77756,72.00000,107.00000	246.57534,213.81657,156.96302,88.54839	0.00000,28.63028,19.86625,48.54839
135	19216800000205	1542072546500	1105	22340.25000	1760.10090	130.27501	90.88273
135	19216800000205	1542072547500	1205	15580.00000	0.00000	-1	25.03158
137	19216800000205	1542072578000	1005	25585.00000	175.00000	153.84615	0.00000
137	19216800000205	1542072579000	805,706,606	26974.50000,28137.00000,27205.50000	1249.50000,87.00000,844.50000	382.11382,326.54078,232.49880	0.00000,55.57304,38.46895
137	19216800000205	1542072580000	406,306	31840.00000,35459.00000	17.00000,2584.87949	291.04478,216.06254	0.00000,53.90408
137	19216800000205	1542072581000	106	28702.00000	0.00000	-1	24.16211
139	19216800000205	1542072589000	206,306	33122.00000,31225.25000	1378.00000,2000.50336	267.44186,191.02267	0.00000,72.75799
139	19216800000205	1542072590000	606,605,705	30340.00000,30150.00000,28007.00000	130.00000,60.00000,1799.19556	166.66667,237.80488,243.67446	0.00000,71.13821,47.53857
139	19216800000205	1542072591000	905,1005	24405.33333,24509.00000	862.40954,809.63078	141.91370,130.13031	27.78327,15.58633
139	19216800000205	1542072592000	1105,1205	21389.66667,15571.66667	2786.92810,1477.38177	64.36252,90.48071	45.31490,67.42077
141	19216800000205	1542072620500	1006,906	31552.50000,35121.00000	2149.50000,1419.00000	426.47059,368.27405	0.00000,58.19653
141	19216800000205	1542072621500	706,606,605	31920.00000,28035.00000,30769.00000	2259.84778,801.00000,3535.00000	301.81488,156.30015,154.78975	108.71143,36.80330,35.29289
141	19216800000205	1542072622500	406,306	36376.00000,33594.66667	1876.00000,3628.59214	164.17910,137.84026	0.00000,21.20857
141	19216800000205	1542072623500	106,105	18060.00000,14868.00000	3203.36323,0.00000	89.50155,-1	47.48475,52.58158
143	19216800000205	1542072631000	205	17815.00000	905.00000	31.74603	0.00000
143	19216800000205	1542072632000	305,405	23474.25000,24041.00000	2042.82897,1271.00000	159.45602,156.05043	56.85176,69.75602
143	19216800000205	1542072633000	605,705	25014.66667,27004.33333	457.71121,1738.17382	142.78176,211.19508	31.13128,73.23139
143	19216800000205	1542072634000	905,1006,1106	28716.00000,27774.50000,29818.50000	1081.10067,285.50000,2329.50000	167.85836,204.27489,143.29625	44.26285,7.84632,53.13232
143	19216800000205	1542072635000	1206	26325.00000	0.00000	-1	21.63716
145	19216800000205	1542072656000	905	21870.50000	305.50000	372.09302	0.00000
145	19216800000205	1542072657000	505,405,305	32503.00000,35652.50000,35009.00000	1205.26373,1475.50000,2119.00000	347.09505,293.16188,269.60312	8.96555,62.89872,39.33997
145	19216800000205	1542072658000	105	21424.00000	0.00000	-1	106.00151
147	19216800000205	1542072667000	205,304	20856.00000,21213.00000	156.00000,513.00000	276.92308,185.56299	0.00000,91.36009
147	19216800000205	1542072668000	405,505,605	24287.50000,26427.00000,24336.33333	1686.50000,453.00000,1875.65674	409.09091,347.85756,181.50509	0.00000,61.23335,82.77444
147	19216800000205	1542072669000	905	26475.75000	3081.74613	121.34400	48.29107
147	19216800000205	1542072670000	1105,1205	24043.50000,20905.00000	1680.50000,1030.96169	165.21739,-1	0.00000,69.29834
149	19216800000205	1542072694000	1006	30541.33333	1666.59180	222.39703	71.08124
149	19216800000205	1542072695000	706,606,506	32774.00000,33650.00000,31429.00000	2846.00000,1970.00000,251.00000	316.12903,336.63594,307.04365	0.00000,20.50691,50.09921
149	19216800000205	1542072696000	206	34430.25000	2491.32960	129.39068	18.09918
149	19216800000205	1542072697000	106	24628.00000	0.00000	-1	21.07178
151	19216800000205	1542072703000	205,305	21124.66667,21822.33333	1099.54910,383.09297	163.93714,127.90491	15.55004,32.90189
151	19216800000205	1542072704000	505,605	24467.33333,27518.50000	1795.12698,656.50000	178.18978,174.32908	26.18978,30.05048
151	19216800000205	1542072705000	805,905,1005	26422.50000,25417.66667,27409.50000	1774.50000,1282.65255,184.50000	169.01408,175.04367,101.00302	0.00000,54.23327,10.83909
151	19216800000205	1542072706000	1105,1205	25378.50000,21892.00000	1746.50000,1004.58947	85.27132,45.21489	0.00000,45.36178
153	19216800000205	1542072719000	205,305	25193.00000,24873.00000	217.00000,537.00000	276.11940,217.00707	0.00000,59.11233
153	19216800000205	1542072720000	405,505	24925.50000,25869.33333	274.50000,1001.49965	155.03876,204.02039	0.00000,46.90008
153	19216800000205	1542072721000	805,905	26118.00000,24116.00000	1676.28876,158.00000	181.63196,125.58275	21.37555,34.67366
153	19216800000205	1542072722000	1105	27182.75000	1802.98882	108.49402	11.09336
153	19216800000205	1542072723000	1205	20736.00000	0.00000	-1	0.00000
155	19216800000205	1542072747500	1005	27720.00000	693.00000	279.27928	0.00000
155	19216800000205	1542072748500	705,605	29926.00000,33596.00000	3306.00000,2282.78426	343.43434,280.90428	0.00000,70.86233
155	19216800000205	1542072749500	305,205	28719.50000,29418.66667	405.50000,826.54999	178.34395,138.34239	0.00000,38.75761
155	19216800000205	1542072750500	105	15762.00000	0.00000	-1	54.62362
157	19216800000205	1542072757000	406,506,606	27477.50000,28741.00000,33552.00000	772.50000,491.00000,4320.00000	1034.48276,695.01916,382.50219	0.00000,339.46360,26.94663
157	19216800000205	1542072758000	1006,1105	38408.00000,37815.75000	656.00000,36.80608	279.22078,127.94473	0.00000,129.00399
159	19216800000205	1542072780500	1006,906	31622.00000,35675.66667	997.00000,3640.21010	151.26050,198.01501	0.00000,86.52878
159	19216800000205	1542072781500	506,406	33854.66667,33917.00000	3162.30141,3263.00000	224.84452,170.75617	45.83217,8.25617
159	19216800000205	1542072782500	206,106	33309.66667,24525.33333	3621.36478,4107.32592	107.05259,-1	26.80568,32.43869
159	19216800000205	1542072783500	106	19096.00000	0.00000	-1	0.00000
161	19216800000205	1542072792500	205	27246.00000	478.00000	19.80198	0.00000
161	19216800000205	1542072793500	406,506,606	30340.00000,30653.00000,28941.00000	717.21127,701.00000,1011.00000	235.81827,332.82728,259.93633	135.31575,38.30674,34.58422
161	19216800000205	1542072794500	806,906,1006	32750.00000,33177.33333,35419.50000	1572.00000,2703.98833,1580.50000	213.79310,199.10320,97.42722	0.00000,64.10324,16.85850
161	19216800000205	1542072795500	1106,1206	26978.00000,20817.33333	3038.00000,2208.05878	177.30496,119.70772	0.00000,84.66619
163	19216800000205	1542072824500	1006,906,806	37674.00000,39679.00000,37131.00000	1694.00000,311.00000,2859.00000	392.52336,362.92835,209.15033	0.00000,29.59502,124.18301
163	19216800000205	1542072825500	506	33585.50000	960.88020	138.24373	56.67702
163	19216800000205	1542072826500	206,106	31730.66667,25969.50000	2758.39571,2465.50000	144.45170,-1	43.85999,48.85149
163	19216800000205	1542072827500	105	17328.00000	0.00000	-1	0.00000
165	19216800000205	1542072838000	206	28989.33333	238.54326	58.40363	28.55289
165	19216800000205	1542072839000	506,606	32737.66667,29229.50000	2417.77368,1730.50000	249.67311,263.66441	9.36303,4.62827
165	19216800000205	1542072840000	906,1006	37666.00000,41087.66667	2046.00000,2589.72384	240.87591,173.52201	0.00000,69.60920
165	19216800000205	1542072841000	1106,1206	34482.66667,26832.00000	5409.83828,0.00000	79.31034,52.87356	79.31034,74.77451
167	19216800000205	1542072869500	1105,1005,905	24527.00000,25415.00000,24475.00000	773.00000,115.00000,750.23330	271.18644,268.92655,158.88775	0.00000,2.25989,85.57639
167	19216800000205	1542072870500	705,605	26096.00000,26302.00000	964.00000,596.63724	222.92994,178.92536	0.00000,31.21719
167	19216800000205	1542072871500	305,205	28984.00000,29380.00000	337.15674,0.00000	239.65937,137.09526	93.67397,8.89014
167	19216800000205	1542072872500	105	15190.00000	0.00000	-1	46.93858
169	19216800000205	1542072883500	205	29750.00000	3460.00000	237.70492	0.00000
169	19216800000205	1542072884500	405,505,605	27957.00000,27030.00000,26116.00000	93.00000,1020.00000,620.99490	152.63158,231.48820,251.93393	0.00000,78.85662,41.68533
169	19216800000205	1542072885500	805,905,1005	30311.00000,30934.00000,28165.00000	2921.00000,2139.72397,85.00000	178.08219,123.43601,180.62107	0.00000,48.53149,48.54560
169	19216800000205	1542072886500	1105,1205	25511.00000,23328.00000	2183.00000,0.00000	97.40260,-1	0.00000,49.33655
171	19216800000205	1542072911500	1005	25980.00000	228.00000	185.56701	0.00000
171	19216800000205	1542072912500	805,705,605	27896.66667,30520.00000,27580.50000	3421.93720,2216.00000,723.50000	265.85777,406.79415,282.83582	182.05889,41.12251,82.83582
171	19216800000205	1542072913500	405,305	29628.33333,30019.00000	385.39100,70.24244	223.67150,184.03753	20.77295,50.16233
171	19216800000205	1542072914500	105	15147.50000	1149.21571	27.39726	38.74558
173	19216800000205	1542072927500	506,606	30564.66667,33856.50000	556.15186,2998.50000	270.34457,221.41310	36.47361,12.45787
173	19216800000205	1542072928500	806,906,1006	38367.50000,35264.00000,33471.50000	1647.50000,3581.23638,2102.50000	104.00000,174.41026,215.17201	0.00000,78.92276,69.44337
173	19216800000205	1542072929500	1206	22542.40000	3764.48045	63.01268	63.88908
175	19216800000205	1542072956000	1005,905	25870.00000,26552.66667	350.00000,968.38055	240.74074,204.22333	0.00000,45.86838
175	19216800000205	1542072957000	605,505	30062.66667,28404.00000	1976.30317,324.00000	223.15110,191.58497	12.96001,44.52614
175	19216800000205	1542072958000	205	29260.00000	1789.47883	172.22413	69.14061
175	19216800000205	1542072959000	105	18966.00000	0.00000	-1	40.87077
177	19216800000205	1542072969500	205,305	23484.00000,23586.00000	1044.00000,1689.02575	164.06250,166.39001	0.00000,57.30182
177	19216800000205	1542072970500	605,705	22632.00000,22247.50000	1147.11929,1215.50000	194.24444,182.27542	15.90049,3.93147
177	19216800000205	1542072971500	905,1005	24920.66667,24807.00000	1331.78610,563.00000	74.17043,-1	54.26993,136.68497
177	19216800000205	1542072972500	1205	18700.00000	0.00000	-1	39.40416
179	19216800000205	1542072998500	1006,906	31217.33333,34709.33333	2054.78325,2326.85902	186.91083,278.74606	16.91083,85.48472
179	19216800000205	1542072999500	606,506,406	36202.50000,34766.00000,40523.50000	2686.50000,3176.69052,1395.50000	289.06250,239.59741,274.70093	0.00000,37.02306,44.97120
179	19216800000205	1542073000500	206,106	37844.66667,29748.33333	4992.29943,1680.55712	92.95191,-1	4.06302,45.15044
181	19216800000205	1542073012500	205	23846.00000	550.00000	140.44944	0.00000
181	19216800000205	1542073013500	405	23197.25000	1104.51966	164.72569	39.94197
181	19216800000205	1542073014500	705,805	24564.66667,25461.33333	1755.48005,337.74283	152.80136,228.43596	36.67233,79.41830
181	19216800000205	1542073015500	1005,1105	28047.00000,28691.33333	3057.00000,2020.12299	79.47020,144.17330	0.00000,50.73852
181	19216800000205	1542073016500	1205	17680.00000	0.00000	-1	31.39554
183	19216800000205	1542073044500	905,805	26635.00000,26631.33333	555.07897,820.98856	177.65457,186.14418	58.90457,55.20346
183	19216800000205	1542073045500	605,505,405	28719.00000,28593.00000,28952.66667	9.00000,117.00000,371.38420	232.00000,214.10127,193.28557	0.00000,17.89873,12.03532
183	19216800000205	1542073046500	205,105	26133.25000,19047.50000	2950.37916,2685.50000	128.39938,105.70006	20.93761,48.14610
183	19216800000205	1542073047500	105	16362.00000	0.00000	-1	0.00000
185	19216800000205	1542073057000	405,505	25894.33333,27231.00000	1313.84076,519.00000	189.89770,265.90414	15.98465,60.02179
185	19216800000205	1542073058000	705,805,905	25779.33333,25312.50000,26555.00000	827.42022,427.50000,815.00000	216.76672,233.78391,168.97093	2.93025,19.94743,84.76041
185	19216800000205	1542073059000	1005,1105,1205	26712.00000,26279.33333,22379.50000	552.00000,1577.01518,1674.50000	70.31250,162.05246,230.52109	0.00000,113.89664,92.05955
185	19216800000205	1542073060000	1205	18000.00000	0.00000	-1	39.73940
187	19216800000205	1542073087500	1005	26212.00000	903.91629	229.00262	62.33596
187	19216800000205	1542073088500	705,605	29492.00000,27574.66667	1882.00000,677.33661	230.76923,201.55066	0.00000,69.56210
187	19216800000205	1542073089500	306,206	36454.33333,35621.50000	761.16855,586.50000	229.13753,171.77489	17.01632,40.34632
187	19216800000205	1542073090500	105	19096.00000	0.00000	-1	32.57821
189	19216800000205	1542073100000	204,304,303	17938.00000,16534.00000,16628.00000	830.00000,574.00000,668.00000	288.13559,223.68563,174.10602	0.00000,64.44996,14.87035
189	19216800000205	1542073101000	503,603	16838.00000,14931.00000	458.00000,1716.04798	208.95522,159.46703	0.00000,36.55084
189	19216800000205	1542073102000	803,903	15544.66667,14904.00000	787.39500,226.00000	159.80489,172.48775	38.11177,25.42892
189	19216800000205	1542073103000	1103,1104	14948.50000,14361.00000	555.88151,429.00000	103.72350,78.22624	22.41299,27.46482
189	19216800000205	1542073104000	1204	9699.20000	1914.40000	8.19672	14.19714
191	19216800000205	1542073130500	906,806	29054.50000,28535.00000	1203.65309,263.00000	158.12808,257.05467	92.13535,28.65961
191	19216800000205	1542073131500	506,406	33084.66667,36626.00000	1793.79697,1006.00000	228.74503,207.61366	16.41626,4.71511
191	19216800000205	1542073132500	206,106	32579.00000,27836.00000	2219.00000,1784.73752	94.93671,45.53446	0.00000,38.85412
193	19216800000205	1542073143500	206	27667.00000	535.00000	228.07018	0.00000
193	19216800000205	1542073144500	405,505,605	27335.00000,26670.00000,27515.00000	1085.00000,769.93506,235.00000	117.31844,145.62979,200.68094	0.00000,21.05779,32.89570
193	19216800000205	1542073145500	806,906,1005	31478.00000,28237.66667,30883.50000	2710.00000,1040.34364,1722.50000	144.65409,189.60463,102.28269	0.00000,60.27920,47.06796
193	19216800000205	1542073146500	1106,1206	28781.50000,26691.00000	2090.50000,0.00000	44.58599,-1	0.00000,39.12616
195	19216800000205	1542073175500	1006	29022.50000	1111.50000	158.87850	0.00000
195	19216800000205	1542073176500	705,606	30411.66667,32013.50000	2309.12283,1653.50000	352.67709,298.63148	2.16162,56.20723
195	19216800000205	1542073177500	306,206	33246.66667,34890.50000	1172.67339,1.50000	198.36681,101.24307	53.20552,43.91822
195	19216800000205	1542073178500	105	18075.00000	0.00000	-1	23.81570
197	19216800000205	1542073189000	206	29817.50000	1182.50000	166.66667	0.00000
197	19216800000205	1542073190000	505,605	31740.66667,34197.00000	3147.93915,1983.00000	234.48248,182.14892	31.47496,20.85860
197	19216800000205	1542073191000	906,905,1005	28990.00000,28939.00000,32040.00000	1490.00000,1439.00000,1662.00000	188.57143,178.28571,102.77934	0.00000,10.28571,65.22066
197	19216800000205	1542073192000	1206	23970.00000	2026.49944	23.45059	33.16414
199	19216800000205	1542073221500	1006,906	30777.50000,33240.00000	2814.50000,2207.18886	232.32323,228.84837	0.00000,45.24500
199	19216800000205	1542073222500	606,506	30379.50000,35392.66667	95.50000,3856.27327	251.90840,194.92104	0.00000,50.21544
199	19216800000205	1542073223500	206,207,106	39666.00000,34080.00000,30772.00000	2946.00000,2640.00000,668.00000	142.85714,143.42857,92.83333	0.00000,0.57143,51.16667
201	19216800000205	1542073233000	205	23832.00000	180.00000	250.00000	0.00000
201	19216800000205	1542073234000	405,505	23227.00000,24116.33333	335.00000,1142.19097	285.71429,221.35037	0.00000,50.09839
201	19216800000205	1542073235000	805,905	24464.33333,25174.50000	500.22684,1150.50000	249.57265,161.30418	27.35043,115.61890
201	19216800000205	1542073236000	1105	28592.50000	3312.04178	173.26486	104.92379
201	19216800000205	1542073237000	1205	16543.00000	0.00000	-1	26.30437
203	19216800000205	1542073263000	1005	23733.00000	743.00000	182.69231	0.00000
203	19216800000205	1542073264000	805,705	25083.00000,22316.33333	3.00000,2046.78648	333.33333,226.60941	0.00000,88.64872
203	19216800000205	1542073265000	405,305	26664.33333,27677.00000	1451.26757,573.00000	225.34413,214.02173	35.16008,46.48247
203	19216800000205	1542073266000	105	18358.00000	2059.05124	25.68966	24.24518
205	19216800000205	1542073276000	205	24481.33333	1269.90428	76.88172	23.11828
205	19216800000205	1542073277000	405,505,605	26792.50000,26524.33333,24418.00000	1763.50000,1959.72929,542.00000	366.66667,254.68403,132.32601	0.00000,101.05563,10.53114
205	19216800000205	1542073278000	805,905	27978.33333,30289.00000	3479.46321,2562.00000	112.61574,94.92793	31.13426,13.44645
205	19216800000205	1542073279000	1105,1205	27029.00000,21009.00000	1069.00000,4001.48331	171.17117,110.67011	0.00000,43.62960
205	19216800000205	1542073280000	1205	16160.00000	0.00000	-1	0.00000
207	19216800000205	1542073305500	1103,1004	15514.00000,14224.66667	541.00000,529.22102	329.54545,228.93623	0.00000,95.03956
207	19216800000205	1542073306500	903,803,703	14054.00000,15156.00000,13966.00000	554.00000,867.07478,514.00000	141.89189,163.45891,136.70412	0.00000,16.45690,29.96255
207	19216800000205	1542073307500	603,503	14187.00000,14579.75000	69.00000,852.22426	150.37594,156.19967	0.00000,43.35778
207	19216800000205	1542073308500	303,203	14680.00000,15012.00000	830.07470,661.85195	190.21739,91.16745	59.78261,34.69612
207	19216800000205	1542073309500	103	10001.25000	1298.78932	31.14540	22.99682
209	19216800000205	1542073320000	205,304	20977.66667,22098.00000	890.84766,709.74362	197.32206,182.47108	0.35236,10.38047
209	19216800000205	1542073321000	504,605,604,704	20915.00000,20470.00000,21470.00000,21027.00000	1135.00000,690.00000,310.00000,753.00000	121.21212,141.37529,165.93407,203.34665	0.00000,20.16317,4.39560,33.01698
209	19216800000205	1542073322000	804,904,1005	20847.50000,19822.33333,19787.50000	41.50000,709.67426,284.50000	88.75740,149.96623,120.02315	0.00000,52.69821,23.72685
209	19216800000205	1542073323000	1104,1105,1205	21138.66667,19004.50000,16733.50000	751.11709,1641.50000,629.50000	46.13951,96.82633,88.15975	27.03123,23.65560,32.32218
209	19216800000205	1542073324000	1205	13032.00000	0.00000	-1	13.57645
211	19216800000205	1542073353000	1104,1004	17960.00000,15982.00000	539.62950,927.65942	165.47468,157.32887	33.24327,55.09101
211	19216800000205	1542073354000	804,704	17249.50000,17215.33333	817.50000,985.55647	150.00000,133.50237	0.00000,21.28535
211	19216800000205	1542073355000	504,404,403	15689.00000,17123.50000,17113.50000	413.00000,1021.50000,1031.50000	220.00000,157.24409,84.51118	0.00000,62.75591,9.97701
211	19216800000205	1542073356000	303,203	17177.50000,16022.66667	396.50000,666.35443	127.27273,105.50106	0.00000,32.57230
211	19216800000205	1542073357000	103	8488.50000	2454.80595	102.30292	73.09047
211	19216800000205	1542073358000	103	5617.00000	0.00000	-1	0.00000
213	19216800000205	1542073368000	205,305	24196.00000,25133.50000	502.41616,386.50000	114.22414,153.76984	10.77586,28.76984
213	19216800000205	1542073369000	505,605	24747.66667,23111.00000	1985.57403,1700.18293	176.69173,129.63961	56.39098,11.05085
213	19216800000205	1542073370000	805,905	25387.00000,24648.75000	947.00000,1176.60218	177.91411,164.35836	0.00000,16.67948
213	19216800000205	1542073371000	1105,1205	25497.00000,21254.75000	1215.00000,2256.74892	385.41667,-1	0.00000,159.45665
215	19216800000205	1542073401000	1006	32573.00000	2413.00000	380.00000	0.00000
215	19216800000205	1542073402000	806,706,606	38891.50000,37682.00000,33262.00000	1771.50000,2981.00000,1439.00000	358.20896,311.10448,215.85093	0.00000,47.10448,48.14907
215	19216800000205	1542073403000	306	36945.50000	2192.47309	167.94828	26.91761
215	19216800000205	1542073404000	106	21250.00000	0.00000	-1	42.69505
217	19216800000205	1542073415000	204	15094.33333	1021.20593	48.78049	48.78049
217	19216800000205	1542073416000	304,404	19544.00000,18538.33333	1434.80173,1240.51987	267.17241,135.44654	43.17241,62.67022
217	19216800000205	1542073417000	604,704	17707.33333,18420.66667	1114.08238,1319.51742	132.94057,204.61273	39.19057,56.74452
217	19216800000205	1542073418000	904,1004	17709.33333,18511.00000	309.15943,736.23502	128.93282,98.63865	6.48384,46.74300
217	19216800000205	1542073419000	1104,1204,1205	20443.50000,18018.50000,13316.33333	574.50000,1850.50000,2579.64756	31.25000,42.96875,53.34977	0.00000,11.71875,4.49632
217	19216800000205	1542073420000	1205	9920.00000	0.00000	-1	0.00000
219	19216800000205	1542073447000	1006,906	32730.50000,29263.33333	1446.50000,1429.43377	694.91525,337.45852	0.00000,255.73301
219	19216800000205	1542073448000	606,506	29459.66667,31067.66667	2629.09038,1617.75283	201.42337,202.99072	44.19067,44.90185
219	19216800000205	1542073449000	206	32320.75000	3228.47622	53.72707	37.25176
219	19216800000205	1542073450000	106	16065.00000	0.00000	-1	78.77170
221	19216800000205	1542073459500	304	21525.00000	1230.00000	228.57143	0.00000
221	19216800000205	1542073460500	504,604	20668.00000,18269.00000	1239.01359,721.00000	203.70370,103.32626	92.59259,7.78485
221	19216800000205	1542073461500	804,904	18580.66667,18408.00000	788.22177,984.00000	148.12821,111.06220	12.12821,24.93780
221	19216800000205	1542073462500	1104	18693.75000	1043.00345	77.74380	25.32819
221	19216800000205	1542073463500	1205	12728.00000	0.00000	-1	25.80129
223	19216800000205	1542073487500	1006,906,806	33281.50000,31739.33333,36526.50000	1710.50000,2279.09461,1915.50000	415.73034,240.99093,255.69257	0.00000,132.93325,42.01735
223	19216800000205	1542073488500	506,406	31736.33333,32604.50000	1694.12718,2535.50000	250.34562,264.68254	56.79724,42.46032
223	19216800000205	1542073489500	206,106	30247.33333,23244.00000	2963.07063,3378.00000	42.01407,-1	2.54039,100.15345
225	19216800000205	1542073500000	205,305	27254.00000,28499.00000	270.88497,1055.22225	120.16719,213.62080	29.25810,96.87330
225	19216800000205	1542073501000	605,705	29611.66667,33264.00000	1377.69429,3432.00000	164.63964,210.04194	31.30631,14.09599
225	19216800000205	1542073502000	906,1006	31906.50000,30767.00000	358.50000,596.92378	86.61417,185.67008	0.00000,76.94026
225	19216800000205	1542073503000	1206	22969.00000	0.00000	-1	43.51927
227	19216800000205	1542073531500	1103,1003	14784.00000,15255.00000	362.92148,135.00000	161.81406,167.57958	33.10119,27.33568
227	19216800000205	1542073532500	803	13897.75000	734.47954	78.81973	17.57665
227	19216800000205	1542073533500	603,503	12726.00000,12157.00000	824.06958,587.00000	261.37255,301.94245	198.62745,158.05755
227	19216800000205	1542073534500	403,303	12285.33333,12186.00000	273.42925,198.31961	265.51259,-1	171.98741,67.02725
227	19216800000205	1542073535500	203,103	11743.00000,9690.50000	569.58055,1253.50000	99.17992,107.19274	9.79444,17.80726
227	19216800000205	1542073536500	103	7074.00000	0.00000	-1	21.92031
229	19216800000205	1542073545500	205,305	22907.33333,23979.00000	1115.41960,111.00000	167.56979,203.51288	18.14450,17.79859
229	19216800000205	1542073546500	505,605	23300.50000,23848.00000	459.81817,904.00000	178.11497,153.07320	24.79639,9.42680
229	19216800000205	1542073547500	804,904,905	20898.66667,20384.00000,19886.00000	553.12104,604.00000,106.00000	101.84657,185.94595,235.04132	9.95468,94.05405,44.95868
229	19216800000205	1542073548500	1104,1105	20811.00000,20284.00000	1041.71109,2008.81524	153.99795,100.57212	40.17681,18.73695
229	19216800000205	1542073549500	1205	13542.00000	0.00000	-1	26.78109
231	19216800000205	1542073578500	1004	17637.00000	1003.57594	240.07839	144.53699
231	19216800000205	1542073579500	804,704	16286.00000,16640.00000	812.51379,650.00000	150.63856,131.77546	22.58978,41.45288
231	19216800000205	1542073580500	503	14487.25000	859.37052	97.62895	5.58145
231	19216800000205	1542073581500	303,203	15251.00000,14689.00000	471.44530,271.00000	113.88193,92.12944	7.08581,28.83830
231	19216800000205	1542073582500	103	9685.00000	1881.54856	34.93776	17.31256
231	19216800000205	1542073583500	103	5852.00000	0.00000	-1	0.00000
233	19216800000205	1542073594000	205	23725.33333	683.34146	109.96241	25.75188
233	19216800000205	1542073595000	505,605	24773.00000,23333.00000	2257.69986,1311.00000	147.61108,182.09948	1.45724,35.94563
233	19216800000205	1542073596000	805,905	26213.50000,24659.66667	350.50000,1502.92389	119.49686,168.16812	0.00000,65.57720
233	19216800000205	1542073597000	1206,1205	22922.33333,20467.00000	1804.42056,0.00000	38.89441,-1	13.73717,23.89297
235	19216800000205	1542073626500	1005	28307.00000	461.00000	402.29885	0.00000
235	19216800000205	1542073627500	705,605	26896.66667,26594.50000	1053.13321,435.50000	279.82732,156.03409	87.51962,36.27361
235	19216800000205	1542073628500	305	33716.25000	2320.62409	191.84632	75.17645
235	19216800000205	1542073629500	106	18091.00000	0.00000	-1	49.19024
237	19216800000205	1542073637500	205,305,405	27049.50000,30285.33333,29507.00000	913.50000,3042.25249,1868.00000	182.69231,230.78931,237.50000	0.00000,55.35800,70.83333
237	19216800000205	1542073638500	605,705	26368.00000,27678.66667	1024.00000,3320.82744	299.14530,200.60216	0.00000,77.46129
237	19216800000205	1542073639500	1005,1105	27480.25000,28370.00000	933.08370,842.00000	160.66829,146.32546	42.08920,20.34121
237	19216800000205	1542073640500	1206	16838.60000	1413.20000	15.35088	26.58850
239	19216800000205	1542073670000	1105	21867.00000	197.00000	376.62338	0.00000
239	19216800000205	1542073671000	804,704	19822.00000,18703.33333	1007.34602,403.67754	230.59412,151.59198	68.25646,34.55153
239	19216800000205	1542073672000	504	18995.00000	811.13932	148.71558	33.38870
239	19216800000205	1542073673000	303,203	17206.66667,16961.00000	655.70996,553.49977	79.11157,101.58717	19.78953,31.35300
239	19216800000205	1542073674000	103	9407.60000	2261.79023	48.24035	42.18916
239	19216800000205	1542073675000	103	4488.00000	0.00000	-1	38.32519
241	19216800000205	1542073683500	305	26317.25000	2929.53677	218.84523	46.61629
241	19216800000205	1542073684500	505,605,705	26122.00000,25201.00000,26865.00000	14.00000,861.51843,1455.00000	282.05128,197.74670,176.74825	0.00000,65.69046,12.64569
241	19216800000205	1542073685500	905,1005,1006	27022.00000,28275.00000,28895.50000	1269.33158,75.00000,695.50000	66.00000,-1,145.92069	6.00000,162.55635,121.32069
241	19216800000205	1542073686500	1205	22360.00000	0.00000	-1	21.30422
243	19216800000205	1542073714500	1005,1004,904	19543.50000,19933.50000,19383.00000	151.50000,541.50000,1092.00000	150.00000,145.00000,139.76744	0.00000,5.00000,0.23256
243	19216800000205	1542073715500	704,604	17442.50000,17797.50000	463.96579,442.50000	152.30289,139.14183	14.74186,6.69150
243	19216800000205	1542073716500	504,404,304	18307.00000,17614.00000,15950.00000	971.00000,1467.45767,242.00000	108.97436,128.93130,185.16484	0.00000,40.73796,0.54945
243	19216800000205	1542073717500	203	16421.20000	1375.53763	118.81589	13.57469
243	19216800000205	1542073718500	103,104	6334.50000,5760.00000	574.50000,0.00000	22.22222,-1	0.00000,45.84687
245	19216800000205	1542073728000	205,305	27883.66667,28556.00000	834.13601,242.00000	256.74385,256.61545	31.39174,31.26334
245	19216800000205	1542073729000	505,605,705	28177.50000,26458.33333,27377.50000	457.50000,894.09482,1622.50000	239.43662,209.54377,145.05272	0.00000,30.37358,22.83049
245	19216800000205	1542073730000	905,1006	27725.50000,30120.00000	474.50000,2465.11663	144.82759,159.18244	0.00000,44.56991
245	19216800000205	1542073731000	1205	23342.00000	1324.00000	14.11290	24.44427
247	19216800000205	1542073759000	1104,1004	16258.00000,14936.00000	1006.00000,316.00000	362.31884,229.43528	0.00000,132.88356
247	19216800000205	1542073760000	904,803	15110.33333,15047.66667	568.29824,560.24300	119.24420,176.87355	29.69197,35.70764
247	19216800000205	1542073761000	603,503	14629.50000,16132.33333	540.50000,879.53409	154.92958,145.03964	0.00000,7.02003
247	19216800000205	1542073762000	303,203	15454.66667,15654.00000	476.21937,474.00000	170.20095,110.59908	34.71708,24.88479
247	19216800000205	1542073763000	103	9316.25000	2051.96337	63.36539	44.08279
247	19216800000205	1542073764000	103	5160.00000	0.00000	-1	0.00000
249	19216800000205	1542073772000	305,405	25949.00000,25110.00000	900.94876,1086.00000	321.40673,229.16667	54.74006,37.50000
249	19216800000205	1542073773000	604,705,805	24161.50000,23737.00000,24037.50000	1562.50000,1149.87507,1274.50000	181.25000,195.12650,149.82099	0.00000,37.11326,8.40685
249	19216800000205	1542073774000	904,1005,1104	21862.00000,21792.00000,22409.00000	1166.00000,948.61724,601.00000	113.20755,196.81766,228.24919	0.00000,80.82575,77.87325
249	19216800000205	1542073775000	1204	18540.00000	0.00000	-1	59.27765
251	19216800000205	1542073798000	1103	14155.00000	165.95381	181.74088	52.95300
251	19216800000205	1542073799000	903,803	15008.00000,14600.33333	1315.97188,1523.48774	206.87023,157.40249	6.87023,40.37175
251	19216800000205	1542073800000	603,503	15777.33333,14780.00000	1137.98692,1130.00000	142.86294,177.78393	27.67969,62.60068
251	19216800000205	1542073801000	303	14898.50000	696.36287	126.75435	25.38994
251	19216800000205	1542073802000	103	10385.50000	1774.74709	40.67016	10.29839
251	19216800000205	1542073803000	103	4235.00000	0.00000	-1	34.50681
253	19216800000205	1542073810000	205,305	24088.00000,26247.00000	1373.22200,263.00000	116.51054,189.31475	26.34660,46.45761
253	19216800000205	1542073811000	605,705	26454.66667,28340.00000	1152.06636,260.00000	206.85516,179.40951	10.53614,16.90951
253	19216800000205	1542073812000	905,1005	27791.50000,27481.50000	1583.50000,1269.93494	162.01117,145.37636	0.00000,50.44577
253	19216800000205	1542073813000	1206,1205	17839.00000,16502.00000	1337.00000,0.00000	166.66667,-1	0.00000,64.83284
255	19216800000205	1542073836500	1104	22048.50000	106.50000	144.32990	0.00000
255	19216800000205	1542073837500	904	22401.75000	556.47389	146.98144	27.36797
255	19216800000205	1542073838500	704,604	25144.00000,24559.00000	168.00000,320.07603	167.74194,150.89606	0.00000,49.73498
255	19216800000205	1542073839500	404,304	25457.00000,25289.33333	823.00000,765.48431	59.05512,-1	0.00000,207.49296
255	19216800000205	1542073840500	204,104	22220.00000,17407.00000	1524.00000,2762.55480	148.14815,102.22012	0.00000,26.98355
255	19216800000205	1542073841500	104	6954.00000	0.00000	-1	19.86970
257	19216800000205	1542073851000	305	36105.25000	3000.89265	105.43743	71.14137
257	19216800000205	1542073852000	605,705	39723.66667,36195.00000	1786.13798,1752.00000	249.94802,219.48006	26.97505,57.44302
257	19216800000205	1542073853000	1005	40146.75000	2732.20272	78.42532	47.03658
257	19216800000205	1542073854000	1105,1106,1206,1205	31797.00000,24988.00000,19345.50000,16383.50000	3117.00000,3692.00000,1950.50000,1011.50000	25.00000,-1,-1,46.13209	0.00000,75.23188,130.94789,21.03209
